,,,,,,,,,,,"Total population by five-year age group, both sexes combined (thousands)",,,,,,,,,,,,,,,,,,,,,,CORRECTED (WITHOUT GAP),,,,,,,,,,,,,,,,,,,,,,,,,,,
Index,Variant,"Region, subregion, country or area *",Notes,Location code,ISO3 Alpha-code,ISO2 Alpha-code,SDMX code**,Type,Parent code,Year,0-4,5-9,10-14,15-19,20-24,25-29,30-34,35-39,40-44,45-49,50-54,55-59,60-64,65-69,70-74,75-79,80-84,85-89,90-94,95-99,100+,,0-4,5-9,10-14,15-19,20-24,25-29,30-34,35-39,40-44,45-49,50-54,55-59,60-64,65-69,70-74,75-79,80-84,85-89,90-94,95-99,100+,NO OF CHILDREN(<15 YRS),(15-64 YRS),NO OF ADULT(>65 YRS),CHILD + ADULT,CDR(WORLD),ADR(WORLD),TDR(WORLD)
1,Estimates,World,,900,,,1,World,0,1950,  343 353,  266 840,  257 539,  236 816,  220 067,  193 287,  162 896,  158 665,  143 579,  124 751,  104 001,  84 810,  70 170,  52 277,  36 002,  22 006,  10 799,  4 049,  1 010,   160,   15,,343353.0985 ,266839.9855 ,257539.3160 ,236815.8760 ,220066.6295 ,193287.0960 ,162896.1405 ,158664.9795 ,143579.0120 ,124750.8725 ,104001.0470 ,84810.2435 ,70169.8575 ,52277.0795 ,36002.3945 ,22005.9510 ,10799.1055 ,4049.0870 ,1010.1360 ,160.3470 ,14.5930 ,867732.4000 ,1499041.7540 ,126318.6935 ,994051.0935 ,0.578858059,0.084266294,0.663124353
2,Estimates,World,,900,,,1,World,0,1951,  357 004,  270 793,  259 230,  239 783,  222 920,  197 595,  166 578,  158 501,  145 655,  127 027,  106 506,  86 650,  70 796,  53 159,  36 426,  22 292,  10 814,  4 022,  1 008,   153,   15,,357004.1230 ,270793.0940 ,259230.2155 ,239783.1800 ,222920.4375 ,197594.6245 ,166577.7970 ,158500.8885 ,145655.3680 ,127026.9920 ,106505.5900 ,86649.7785 ,70795.9110 ,53158.6730 ,36425.6480 ,22292.1835 ,10814.2610 ,4021.9485 ,1008.2310 ,153.1340 ,14.9565 ,887027.4325 ,1522010.5670 ,127889.0355 ,1014916.4680 ,0.582799786,0.084026378,0.666826164
3,Estimates,World,,900,,,1,World,0,1952,  369 809,  278 771,  259 826,  243 509,  225 179,  202 038,  171 538,  157 573,  147 586,  129 366,  109 028,  88 671,  71 386,  54 251,  36 942,  22 538,  10 894,  4 009,  1 004,   152,   15,,369808.7885 ,278771.0805 ,259825.9680 ,243508.5685 ,225179.4840 ,202037.9410 ,171538.3600 ,157573.1365 ,147586.4090 ,129365.7135 ,109028.3775 ,88670.7395 ,71386.4255 ,54251.1830 ,36941.9155 ,22538.0430 ,10893.9170 ,4009.3610 ,1003.6405 ,151.8765 ,15.4110 ,908405.8370 ,1545875.1550 ,129805.3475 ,1038211.1845 ,0.587632083,0.083968843,0.671600925
4,Estimates,World,,900,,,1,World,0,1953,  382 937,  289 155,  259 661,  247 126,  227 022,  206 710,  177 243,  156 313,  149 593,  131 713,  111 683,  90 753,  72 029,  55 578,  37 587,  22 775,  11 047,  4 010,  1 004,   151,   15,,382937.2010 ,289154.7260 ,259661.4400 ,247126.2350 ,227022.1525 ,206710.1415 ,177243.0170 ,156312.7295 ,149592.5385 ,131712.7855 ,111682.8755 ,90752.9690 ,72028.5805 ,55578.4835 ,37587.1765 ,22775.0710 ,11047.2770 ,4010.3870 ,1004.0725 ,150.9440 ,15.4325 ,931753.3670 ,1570184.0245 ,132168.8440 ,1063922.2110 ,0.593403927,0.084174111,0.677578038
5,Estimates,World,,900,,,1,World,0,1954,  394 916,  301 756,  260 058,  250 134,  228 935,  210 796,  183 036,  155 801,  151 428,  134 179,  114 468,  92 763,  73 006,  56 841,  38 336,  23 024,  11 208,  4 036,  1 009,   150,   15,,394915.5880 ,301755.9970 ,260057.9880 ,250134.1985 ,228934.8480 ,210795.6140 ,183036.4235 ,155801.2090 ,151427.7955 ,134178.5430 ,114467.6195 ,92762.6905 ,73006.3210 ,56840.6610 ,38336.3855 ,23024.3465 ,11208.3675 ,4035.8350 ,1009.0440 ,150.4255 ,14.9595 ,956729.5730 ,1594545.2625 ,134620.0245 ,1091349.5975 ,0.600001515,0.084425339,0.684426854
6,Estimates,World,,900,,,1,World,0,1955,  405 902,  316 708,  261 364,  252 494,  231 274,  214 315,  188 090,  157 475,  152 487,  136 638,  116 941,  95 091,  74 541,  57 731,  39 140,  23 342,  11 411,  4 087,  1 017,   152,   14,,405901.5250 ,316707.7285 ,261363.7700 ,252494.4430 ,231273.5855 ,214315.4045 ,188089.5985 ,157475.2930 ,152486.7620 ,136637.7355 ,116940.8445 ,95091.2605 ,74541.1745 ,57731.0330 ,39139.5500 ,23342.2130 ,11411.0005 ,4087.3715 ,1016.7720 ,152.4220 ,14.3055 ,983973.0235 ,1619346.1015 ,136894.6675 ,1120867.6910 ,0.607636022,0.084537004,0.692173026
7,Estimates,World,,900,,,1,World,0,1956,  415 776,  330 708,  265 404,  254 328,  234 292,  217 405,  192 468,  161 396,  152 480,  138 767,  119 212,  97 626,  76 408,  58 440,  40 007,  23 736,  11 644,  4 126,  1 019,   154,   14,,415775.9300 ,330708.4840 ,265404.2825 ,254328.4385 ,234291.8200 ,217404.9295 ,192467.6615 ,161395.8890 ,152479.6075 ,138767.3960 ,119212.0970 ,97626.2325 ,76407.9495 ,58439.9930 ,40006.6015 ,23735.6980 ,11643.8415 ,4126.3535 ,1018.7100 ,153.8050 ,14.2740 ,1011888.6965 ,1644382.0210 ,139139.2765 ,1151027.9730 ,0.61536108,0.084614934,0.699976014
8,Estimates,World,,900,,,1,World,0,1957,  425 253,  343 724,  273 462,  255 096,  237 909,  219 764,  196 840,  166 486,  151 641,  140 742,  121 589,  100 132,  78 399,  59 152,  41 031,  24 195,  11 844,  4 175,  1 017,   154,   14,,425253.3335 ,343723.6865 ,273461.5625 ,255095.6505 ,237909.3560 ,219763.7430 ,196840.4510 ,166486.0095 ,151640.5080 ,140741.5520 ,121589.4375 ,100131.5430 ,78398.7465 ,59152.1595 ,41031.0755 ,24194.6850 ,11843.9185 ,4175.4535 ,1017.1490 ,153.8850 ,14.4315 ,1042438.5825 ,1668596.9970 ,141582.7575 ,1184021.3400 ,0.624739577,0.08485138,0.709590957
9,Estimates,World,,900,,,1,World,0,1958,  433 848,  356 940,  284 148,  255 211,  241 419,  221 625,  201 379,  172 204,  150 436,  142 629,  123 867,  102 752,  80 414,  59 893,  42 270,  24 726,  12 040,  4 257,  1 023,   155,   14,,433848.4625 ,356940.0715 ,284147.7935 ,255210.9620 ,241418.6640 ,221625.4745 ,201378.9890 ,172204.2730 ,150436.3370 ,142629.0535 ,123866.7615 ,102751.6235 ,80413.6115 ,59892.8170 ,42269.8455 ,24726.2115 ,12039.9885 ,4256.8990 ,1022.7885 ,155.0070 ,14.0365 ,1074936.3275 ,1691935.7495 ,144377.5935 ,1219313.9210 ,0.635329284,0.085332787,0.720662071
10,Estimates,World,,900,,,1,World,0,1959,  437 784,  368 984,  296 836,  255 814,  244 570,  223 487,  205 343,  177 882,  149 949,  144 369,  126 123,  105 392,  82 205,  60 809,  43 331,  25 289,  12 221,  4 346,  1 044,   158,   14,,437784.2175 ,368983.7860 ,296836.0340 ,255814.3750 ,244569.6585 ,223487.2430 ,205342.8310 ,177882.4570 ,149948.9660 ,144369.2985 ,126123.3060 ,105392.1935 ,82205.0205 ,60808.5460 ,43331.2285 ,25288.5325 ,12221.3770 ,4346.3565 ,1043.5675 ,157.7740 ,13.5825 ,1103604.0375 ,1715135.3490 ,147210.9645 ,1250815.0020 ,0.643450115,0.085830523,0.729280638
11,Estimates,World,,900,,,1,World,0,1960,  436 596,  379 524,  311 424,  256 985,  247 139,  225 541,  208 762,  182 687,  151 592,  145 322,  128 360,  107 479,  84 186,  62 021,  43 920,  25 828,  12 418,  4 443,  1 070,   161,   14,,436596.4510 ,379523.7405 ,311424.3315 ,256985.2745 ,247138.5845 ,225541.3330 ,208761.5960 ,182687.3265 ,151591.8015 ,145321.6445 ,128360.3150 ,107478.9285 ,84185.6935 ,62020.6775 ,43920.0360 ,25828.2675 ,12418.0275 ,4442.7870 ,1070.0330 ,160.5265 ,13.5190 ,1127544.5230 ,1738052.4975 ,149873.8740 ,1277418.3970 ,0.648740199,0.086230925,0.734971124
12,Estimates,World,,900,,,1,World,0,1961,  434 965,  388 563,  324 859,  260 806,  249 104,  228 343,  211 873,  186 849,  155 459,  145 146,  130 278,  109 390,  86 370,  63 505,  44 406,  26 442,  12 671,  4 565,  1 097,   164,   14,,434964.7315 ,388563.3540 ,324858.7580 ,260806.0225 ,249104.2945 ,228343.3920 ,211872.9525 ,186849.3815 ,155459.4675 ,145145.5190 ,130278.0165 ,109389.5780 ,86370.3045 ,63504.6605 ,44405.8830 ,26441.9795 ,12671.0065 ,4565.2660 ,1097.2440 ,163.9910 ,13.8720 ,1148386.8435 ,1763618.9285 ,152863.9025 ,1301250.7460 ,0.651153617,0.086676266,0.737829882
13,Estimates,World,,900,,,1,World,0,1962,  438 973,  397 048,  337 275,  268 754,  250 014,  232 097,  214 414,  191 165,  160 508,  144 320,  132 140,  111 662,  88 596,  65 186,  45 025,  27 211,  12 982,  4 689,  1 134,   169,   14,,438972.6380 ,397048.4600 ,337274.5975 ,268753.6920 ,250014.4245 ,232096.8420 ,214413.6725 ,191164.6390 ,160507.8600 ,144319.8115 ,132140.0885 ,111661.7850 ,88595.8545 ,65185.7765 ,45025.0215 ,27210.5250 ,12982.4945 ,4689.3950 ,1133.5420 ,168.8190 ,14.3765 ,1173295.6955 ,1793668.6695 ,156409.9500 ,1329705.6455 ,0.654131789,0.087201138,0.741332927
14,Estimates,World,,900,,,1,World,0,1963,  452 062,  404 566,  349 875,  279 193,  250 232,  235 908,  216 376,  195 713,  166 109,  143 281,  134 166,  113 945,  91 066,  66 910,  45 705,  28 162,  13 370,  4 808,  1 174,   174,   15,,452062.2175 ,404566.0315 ,349875.0325 ,279192.5255 ,250232.0305 ,235907.9595 ,216375.5930 ,195713.3235 ,166109.0450 ,143280.6025 ,134166.0640 ,113944.5155 ,91065.5615 ,66909.6000 ,45705.4475 ,28161.5765 ,13369.5335 ,4808.3350 ,1173.8135 ,174.1910 ,14.8285 ,1206503.2815 ,1825987.2205 ,160317.3255 ,1366820.6070 ,0.660740266,0.087797616,0.748537882
15,Estimates,World,,900,,,1,World,0,1964,  469 172,  408 868,  361 553,  291 636,  250 811,  239 297,  218 231,  199 784,  171 694,  142 969,  136 071,  116 313,  93 622,  68 607,  46 587,  29 083,  13 828,  4 942,  1 221,   183,   16,,469172.2075 ,408868.1180 ,361552.5780 ,291636.3375 ,250811.1750 ,239296.5945 ,218230.8625 ,199783.8645 ,171694.2140 ,142968.9750 ,136070.6255 ,116312.8350 ,93621.5080 ,68607.4780 ,46586.9530 ,29083.4410 ,13828.0350 ,4941.9960 ,1221.3730 ,182.6400 ,15.5285 ,1239592.9035 ,1860426.9915 ,164467.4445 ,1404060.3480 ,0.666294839,0.088403063,0.754697902
16,Estimates,World,,900,,,1,World,0,1965,  485 583,  410 353,  372 449,  306 204,  251 926,  241 944,  220 417,  203 403,  176 608,  144 701,  137 237,  118 711,  95 872,  70 667,  47 836,  29 709,  14 315,  5 110,  1 278,   193,   16,,485583.2055 ,410352.9855 ,372448.7355 ,306204.2765 ,251925.9555 ,241943.9495 ,220416.6890 ,203403.1160 ,176608.1055 ,144701.4150 ,137236.9580 ,118711.4080 ,95872.4205 ,70666.9630 ,47836.2575 ,29709.0815 ,14314.5310 ,5109.7470 ,1278.2740 ,193.3075 ,16.3220 ,1268384.9265 ,1897024.2935 ,169124.4835 ,1437509.4100 ,0.668618178,0.089152513,0.757770691
17,Estimates,World,,900,,,1,World,0,1966,  501 321,  411 620,  382 189,  319 846,  255 748,  244 058,  223 266,  206 581,  180 811,  148 669,  137 239,  120 742,  97 920,  72 867,  49 254,  30 237,  14 821,  5 294,  1 338,   204,   17,,501321.1360 ,411620.2790 ,382188.7670 ,319846.3545 ,255748.4890 ,244057.6150 ,223266.0670 ,206581.0050 ,180811.4895 ,148668.5240 ,137238.5675 ,120741.6665 ,97920.3830 ,72866.6180 ,49253.6750 ,30236.6990 ,14820.9575 ,5294.4315 ,1337.7005 ,203.7140 ,16.9865 ,1295130.1820 ,1934880.1610 ,174030.7820 ,1469160.9640 ,0.669359378,0.089943959,0.759303338
18,Estimates,World,,900,,,1,World,0,1967,  511 678,  416 459,  391 117,  332 358,  263 665,  245 024,  226 908,  209 023,  185 130,  153 771,  136 431,  122 667,  100 147,  75 004,  50 750,  30 797,  15 366,  5 490,  1 394,   215,   18,,511678.3030 ,416459.4175 ,391116.8605 ,332357.5590 ,263665.2530 ,245023.6010 ,226907.5970 ,209022.5790 ,185129.6405 ,153771.1780 ,136430.8965 ,122667.4680 ,100147.0290 ,75004.3045 ,50749.9310 ,30797.0950 ,15366.2845 ,5490.4150 ,1394.1730 ,215.3405 ,17.9545 ,1319254.5810 ,1975122.8010 ,179035.4980 ,1498290.0790 ,0.667935472,0.090645249,0.758580721
19,Estimates,World,,900,,,1,World,0,1968,  515 963,  428 926,  398 880,  344 972,  274 045,  245 187,  230 601,  210 880,  189 646,  159 375,  135 426,  124 679,  102 359,  77 268,  52 232,  31 379,  15 969,  5 709,  1 447,   226,   19,,515962.9170 ,428925.9220 ,398880.1775 ,344972.3105 ,274044.8495 ,245186.8240 ,230600.7155 ,210880.1575 ,189645.9460 ,159374.9325 ,135426.2435 ,124679.0005 ,102358.6435 ,77268.1595 ,52231.6640 ,31379.1995 ,15969.4140 ,5708.5220 ,1446.6245 ,226.0210 ,19.0070 ,1343769.0165 ,2017169.6230 ,184248.6115 ,1528017.6280 ,0.666165602,0.091340168,0.75750577
20,Estimates,World,,900,,,1,World,0,1969,  520 508,  445 533,  403 437,  356 689,  286 454,  245 746,  233 937,  212 635,  193 653,  164 950,  135 177,  126 550,  104 664,  79 574,  53 685,  32 063,  16 541,  5 944,  1 497,   236,   20,,520507.7800 ,445533.2640 ,403437.2820 ,356688.6250 ,286454.1895 ,245745.7425 ,233936.5515 ,212635.1365 ,193652.8795 ,164949.7985 ,135176.6500 ,126549.6780 ,104664.3140 ,79574.4750 ,53684.9635 ,32062.9200 ,16541.1630 ,5943.5130 ,1497.0630 ,235.6270 ,19.9640 ,1369478.3260 ,2060453.5650 ,189559.6885 ,1559038.0145 ,0.664648963,0.09199901,0.756647974
21,Estimates,World,,900,,,1,World,0,1970,  526 956,  461 759,  405 056,  367 607,  301 077,  246 900,  236 663,  214 776,  197 167,  169 995,  137 012,  127 763,  106 915,  81 664,  55 383,  32 967,  16 978,  6 208,  1 566,   249,   21,,526956.3965 ,461758.8335 ,405055.7845 ,367606.5845 ,301077.3590 ,246900.0310 ,236662.6750 ,214776.2555 ,197166.9540 ,169995.2405 ,137011.5775 ,127763.2175 ,106914.9240 ,81663.9510 ,55382.5280 ,32967.4870 ,16978.3225 ,6208.4930 ,1566.4680 ,249.4610 ,21.2500 ,1393771.0145 ,2105874.8185 ,195037.9605 ,1588808.9750 ,0.661848939,0.092616123,0.754465062
22,Estimates,World,,900,,,1,World,0,1971,  534 033,  477 498,  406 322,  377 354,  314 693,  250 754,  238 768,  217 656,  200 229,  174 258,  141 047,  127 776,  108 848,  83 549,  57 258,  34 044,  17 347,  6 482,  1 642,   266,   23,,534032.6710 ,477498.4830 ,406322.4130 ,377353.5885 ,314693.0330 ,250753.6920 ,238768.0180 ,217656.4990 ,200229.3740 ,174257.8565 ,141047.1085 ,127775.6975 ,108848.3810 ,83549.4775 ,57258.1130 ,34044.2335 ,17346.6415 ,6481.7140 ,1642.1555 ,265.9555 ,22.7600 ,1417853.5670 ,2151383.2480 ,200611.0505 ,1618464.6175 ,0.659042766,0.093247473,0.752290239
23,Estimates,World,,900,,,1,World,0,1972,  541 214,  488 025,  411 183,  386 174,  327 022,  258 730,  239 776,  221 347,  202 672,  178 405,  146 184,  127 012,  110 758,  85 558,  59 138,  35 203,  17 743,  6 756,  1 712,   281,   24,,541213.9500 ,488025.0220 ,411183.4155 ,386174.4790 ,327021.5555 ,258729.6305 ,239775.5225 ,221347.2945 ,202672.3730 ,178405.2825 ,146183.9125 ,127012.1320 ,110757.9575 ,85557.9915 ,59137.6715 ,35203.4050 ,17743.0535 ,6756.1550 ,1711.8885 ,280.5815 ,24.4060 ,1440422.3875 ,2198080.1395 ,206415.1525 ,1646837.5400 ,0.655309314,0.093907019,0.749216332
24,Estimates,World,,900,,,1,World,0,1973,  546 365,  492 532,  423 601,  393 827,  339 467,  269 208,  240 094,  225 113,  204 613,  182 783,  151 860,  126 148,  112 744,  87 617,  61 107,  36 361,  18 184,  7 071,  1 790,   293,   26,,546365.0425 ,492532.2380 ,423600.5625 ,393827.4985 ,339467.1200 ,269208.3360 ,240093.5495 ,225113.0155 ,204612.7510 ,182783.2680 ,151860.1410 ,126148.4155 ,112744.0500 ,87616.8165 ,61106.8525 ,36360.5475 ,18184.3830 ,7070.7670 ,1790.3565 ,293.1710 ,26.1600 ,1462497.8430 ,2245858.1450 ,212449.0540 ,1674946.8970 ,0.651197782,0.094595936,0.745793718
25,Estimates,World,,900,,,1,World,0,1974,  548 584,  497 316,  440 120,  398 287,  351 093,  281 585,  240 848,  228 531,  206 472,  186 714,  157 424,  126 063,  114 634,  89 768,  63 143,  37 546,  18 703,  7 377,  1 877,   304,   28,,548583.5930 ,497315.9570 ,440120.0535 ,398287.2290 ,351092.7630 ,281584.5080 ,240848.0600 ,228531.0800 ,206472.0555 ,186713.6620 ,157423.8790 ,126063.0665 ,114634.2325 ,89767.9460 ,63143.1170 ,37546.4595 ,18702.5045 ,7376.7480 ,1876.7210 ,304.4640 ,27.9970 ,1486019.6035 ,2291650.5355 ,218745.9570 ,1704765.5605 ,0.648449482,0.095453453,0.743902936
26,Estimates,World,,900,,,1,World,0,1975,  548 458,  504 139,  456 319,  399 965,  361 954,  296 162,  242 210,  231 348,  208 695,  190 216,  162 230,  127 962,  115 880,  91 910,  65 000,  38 964,  19 372,  7 624,  1 977,   321,   30,,548458.0740 ,504139.1585 ,456319.2850 ,399965.0565 ,361954.1120 ,296161.9020 ,242209.8965 ,231347.6840 ,208695.0425 ,190216.0260 ,162230.1395 ,127961.6475 ,115880.3765 ,91910.2460 ,64999.6490 ,38963.5030 ,19371.8965 ,7624.1935 ,1976.5720 ,320.5520 ,30.2650 ,1508916.5175 ,2336621.8830 ,225196.8770 ,1734113.3945 ,0.645768375,0.096377115,0.742145491
27,Estimates,World,,900,,,1,World,0,1976,  547 089,  511 797,  471 915,  401 351,  371 676,  309 707,  246 187,  233 578,  211 679,  193 286,  166 330,  131 982,  116 077,  93 869,  66 766,  40 533,  20 129,  7 845,  2 079,   339,   33,,547089.1025 ,511796.6490 ,471915.1755 ,401351.1205 ,371675.6385 ,309707.4810 ,246186.9045 ,233578.1970 ,211679.0960 ,193285.7360 ,166330.3535 ,131981.7380 ,116076.5620 ,93868.8780 ,66765.6310 ,40533.2635 ,20129.3800 ,7845.1930 ,2078.7350 ,338.8665 ,32.6765 ,1530800.9270 ,2381852.8270 ,231592.6235 ,1762393.5505 ,0.642693331,0.09723213,0.739925461
28,Estimates,World,,900,,,1,World,0,1977,  545 867,  519 515,  482 264,  406 259,  380 658,  322 032,  254 270,  234 737,  215 394,  195 723,  170 403,  137 079,  115 472,  95 812,  68 634,  42 133,  20 942,  8 091,  2 185,   357,   35,,545866.8935 ,519514.7040 ,482264.0945 ,406259.3555 ,380658.4385 ,322032.0120 ,254270.1065 ,234737.1625 ,215394.0285 ,195723.0125 ,170402.6230 ,137079.3130 ,115472.0885 ,95811.6700 ,68634.2970 ,42133.3330 ,20942.3545 ,8091.3960 ,2184.6635 ,357.1865 ,35.0630 ,1547645.6920 ,2432028.1405 ,238189.9635 ,1785835.6555 ,0.636360109,0.097938819,0.734298928
29,Estimates,World,,900,,,1,World,0,1978,  545 029,  525 030,  486 662,  418 536,  388 563,  334 502,  264 776,  235 144,  219 150,  197 637,  174 641,  142 603,  114 763,  97 796,  70 554,  43 813,  21 787,  8 382,  2 313,   379,   38,,545028.7780 ,525029.7915 ,486661.7970 ,418535.9835 ,388563.2840 ,334502.4260 ,264776.1480 ,235143.7660 ,219150.4600 ,197636.5310 ,174640.8275 ,142602.7800 ,114762.6500 ,97796.4665 ,70554.4145 ,43812.7005 ,21786.5020 ,8382.3315 ,2313.1370 ,379.0665 ,37.6605 ,1556720.3665 ,2490314.8560 ,245062.2790 ,1801782.6455 ,0.625109858,0.098406143,0.723516001
30,Estimates,World,,900,,,1,World,0,1979,  546 647,  527 733,  491 441,  434 741,  393 445,  346 298,  277 090,  235 923,  222 500,  199 439,  178 435,  147 962,  114 843,  99 694,  72 575,  45 528,  22 646,  8 715,  2 440,   405,   40,,546646.5615 ,527733.3265 ,491441.0230 ,434740.9460 ,393444.8285 ,346297.9705 ,277089.8010 ,235922.7145 ,222500.4820 ,199439.0425 ,178434.9135 ,147961.6820 ,114843.0175 ,99693.8510 ,72574.5540 ,45528.4830 ,22646.4185 ,8714.6505 ,2440.3120 ,404.7350 ,40.2150 ,1565820.9110 ,2550675.3980 ,252043.2190 ,1817864.1300 ,0.613884821,0.098814306,0.712699127
31,Estimates,World,,900,,,1,World,0,1980,  551 846,  528 136,  498 284,  450 852,  395 611,  357 573,  291 680,  237 372,  225 291,  201 616,  181 785,  152 542,  116 720,  100 947,  74 528,  47 047,  23 658,  9 096,  2 544,   433,   43,,551846.0930 ,528135.8600 ,498284.1060 ,450852.4070 ,395611.4780 ,357573.2680 ,291680.0085 ,237372.4370 ,225291.4585 ,201616.4050 ,181784.8575 ,152541.8850 ,116719.7405 ,100947.1385 ,74527.7660 ,47047.3670 ,23658.0950 ,9096.3885 ,2543.7145 ,432.9425 ,42.8205 ,1578266.0590 ,2611043.9450 ,258296.2325 ,1836562.2915 ,0.604457869,0.098924506,0.703382375
32,Estimates,World,,900,,,1,World,0,1981,  559 672,  527 093,  505 918,  466 735,  397 340,  367 792,  305 418,  241 514,  227 710,  204 591,  184 799,  156 438,  120 516,  101 140,  76 225,  48 432,  24 783,  9 510,  2 642,   462,   46,,559671.5050 ,527092.8765 ,505918.4660 ,466734.7565 ,397339.7345 ,367791.8585 ,305417.7100 ,241514.4835 ,227710.1575 ,204591.2145 ,184798.9390 ,156438.2610 ,120515.9520 ,101140.3040 ,76225.4345 ,48432.1850 ,24783.0080 ,9510.4105 ,2642.1255 ,462.2030 ,45.7215 ,1592682.8475 ,2672853.0670 ,263241.3920 ,1855924.2395 ,0.5958737,0.098487042,0.694360742
33,Estimates,World,,900,,,1,World,0,1982,  570 400,  526 106,  513 725,  477 424,  402 389,  377 042,  317 901,  249 621,  229 142,  208 322,  187 301,  160 350,  125 308,  100 612,  77 936,  49 921,  25 912,  9 960,  2 758,   495,   49,,570399.8470 ,526106.4860 ,513724.6220 ,477423.5645 ,402388.8675 ,377041.6920 ,317900.9610 ,249621.1875 ,229142.1680 ,208322.4630 ,187300.7170 ,160349.6090 ,125307.8770 ,100611.9360 ,77935.6285 ,49920.9865 ,25911.8810 ,9960.2620 ,2758.1370 ,495.0505 ,49.4780 ,1610230.9550 ,2734799.1065 ,267643.3595 ,1877874.3145 ,0.588793141,0.097865821,0.686658962
34,Estimates,World,,900,,,1,World,0,1983,  581 811,  525 576,  519 347,  482 029,  414 677,  385 081,  330 506,  260 091,  229 768,  212 159,  189 303,  164 403,  130 507,  99 965,  79 718,  51 450,  27 047,  10 423,  2 885,   531,   54,,581810.6260 ,525575.9205 ,519346.6310 ,482029.0815 ,414676.8410 ,385081.3995 ,330505.6545 ,260090.7955 ,229768.1565 ,212159.0050 ,189302.5090 ,164402.5870 ,130506.6905 ,99964.6710 ,79718.3000 ,51450.1980 ,27046.5475 ,10422.5000 ,2884.5120 ,531.1415 ,53.8060 ,1626733.1775 ,2798522.7200 ,272071.6760 ,1898804.8535 ,0.58128282,0.097219749,0.678502568
35,Estimates,World,,900,,,1,World,0,1984,  591 667,  527 553,  522 035,  486 842,  430 908,  389 918,  342 329,  272 469,  230 734,  215 698,  191 180,  168 078,  135 536,  100 082,  81 401,  53 033,  28 169,  10 892,  3 027,   566,   58,,591666.6555 ,527552.7795 ,522034.9030 ,486842.4300 ,430907.7165 ,389918.3090 ,342328.5370 ,272469.1635 ,230733.8470 ,215698.0035 ,191179.9935 ,168077.9570 ,135535.9915 ,100082.2570 ,81400.6415 ,53033.0590 ,28168.9930 ,10892.0600 ,3027.4570 ,566.2985 ,58.4665 ,1641254.3380 ,2863691.9485 ,277229.2325 ,1918483.5705 ,0.573125311,0.096808329,0.66993364
36,Estimates,World,,900,,,1,World,0,1985,  601 095,  533 139,  522 501,  493 637,  446 960,  391 868,  353 446,  287 044,  232 301,  218 663,  193 427,  171 409,  139 850,  101 958,  82 525,  54 609,  29 210,  11 454,  3 187,   597,   63,,601095.1505 ,533138.8500 ,522501.2955 ,493636.5080 ,446959.7855 ,391868.1465 ,353446.0750 ,287044.2000 ,232300.7395 ,218663.3685 ,193426.6860 ,171408.9810 ,139849.9190 ,101958.4270 ,82524.5830 ,54609.4705 ,29210.4720 ,11453.5000 ,3187.2995 ,596.7500 ,63.2585 ,1656735.2960 ,2928604.4090 ,283603.7605 ,1940339.0565 ,0.565708121,0.096839218,0.662547338
37,Estimates,World,,900,,,1,World,0,1986,  610 851,  541 273,  521 653,  501 372,  462 476,  393 400,  363 510,  300 729,  236 446,  221 196,  196 439,  174 410,  143 581,  105 550,  82 778,  56 051,  30 226,  12 089,  3 347,   625,   69,,610851.3515 ,541273.0760 ,521652.9160 ,501372.3085 ,462475.8055 ,393399.6095 ,363510.3570 ,300729.0030 ,236446.3770 ,221196.3690 ,196439.3025 ,174410.2025 ,143581.4380 ,105549.6345 ,82777.8430 ,56051.2370 ,30225.9975 ,12089.2285 ,3347.2745 ,624.6405 ,68.8665 ,1673777.3435 ,2993560.7725 ,290734.7220 ,1964512.0655 ,0.559125894,0.097120033,0.656245927
38,Estimates,World,,900,,,1,World,0,1987,  620 494,  552 136,  520 802,  509 331,  472 716,  398 218,  372 571,  313 277,  244 567,  222 853,  200 200,  176 956,  147 349,  109 978,  82 446,  57 536,  31 313,  12 747,  3 526,   655,   75,,620493.5190 ,552136.1420 ,520801.6485 ,509330.8380 ,472716.4785 ,398218.2875 ,372571.1345 ,313277.3150 ,244566.7235 ,222852.5100 ,200200.0780 ,176956.1240 ,147348.5120 ,109978.4245 ,82446.1395 ,57535.8420 ,31312.7210 ,12747.0285 ,3526.1640 ,655.2985 ,75.4690 ,1693431.3095 ,3058038.0010 ,298277.0870 ,1991708.3965 ,0.553763985,0.097538712,0.651302697
39,Estimates,World,,900,,,1,World,0,1988,  629 808,  563 737,  520 384,  515 106,  477 028,  410 225,  380 398,  325 914,  255 000,  223 727,  204 015,  179 118,  151 266,  114 859,  82 003,  59 081,  32 428,  13 411,  3 716,   687,   82,,629807.7045 ,563737.4965 ,520383.6550 ,515105.7095 ,477028.0465 ,410225.0800 ,380397.8250 ,325914.4395 ,254999.8905 ,223727.2290 ,204014.5395 ,179117.8235 ,151266.2950 ,114859.3050 ,82002.8460 ,59080.5665 ,32427.8795 ,13410.8265 ,3716.2365 ,687.1595 ,81.9885 ,1713928.8560 ,3121796.8780 ,306266.8080 ,2020195.6640 ,0.549019979,0.098105937,0.647125916
40,Estimates,World,,900,,,1,World,0,1989,  639 046,  573 927,  522 374,  517 816,  481 842,  426 155,  385 172,  337 642,  267 287,  224 882,  207 585,  181 042,  154 871,  119 522,  82 317,  60 537,  33 629,  14 062,  3 914,   722,   88,,639046.3145 ,573926.5445 ,522374.1540 ,517816.1840 ,481841.8215 ,426154.8335 ,385172.2195 ,337642.2495 ,267286.7075 ,224881.7095 ,207584.9485 ,181041.8110 ,154870.5055 ,119522.1470 ,82316.8915 ,60537.4975 ,33628.8770 ,14062.1335 ,3913.7550 ,722.3690 ,88.0585 ,1735347.0130 ,3184292.9900 ,314791.7290 ,2050138.7420 ,0.544970899,0.098857652,0.643828551
41,Estimates,World,,900,,,1,World,0,1990,  647 145,  583 622,  527 796,  518 144,  488 967,  442 108,  387 270,  348 617,  281 780,  226 533,  210 720,  183 341,  158 048,  123 448,  84 174,  61 646,  34 763,  14 683,  4 144,   762,   93,,647145.3110 ,583621.6730 ,527795.9200 ,518144.4475 ,488966.9815 ,442107.5680 ,387269.9155 ,348616.6865 ,281780.2775 ,226532.5675 ,210719.8280 ,183340.5335 ,158048.4435 ,123448.4805 ,84174.4125 ,61645.9370 ,34762.7415 ,14682.9460 ,4143.6535 ,761.5395 ,93.2465 ,1758562.9040 ,3245527.2490 ,323712.9570 ,2082275.8610 ,0.541841978,0.099741254,0.641583232
42,Estimates,World,,900,,,1,World,0,1991,  650 732,  593 600,  535 950,  517 190,  496 783,  457 570,  389 026,  358 581,  295 396,  230 568,  213 315,  186 333,  160 930,  126 921,  87 414,  62 016,  35 817,  15 289,  4 408,   801,   97,,650732.1965 ,593599.7160 ,535950.1980 ,517190.0085 ,496782.7430 ,457569.5640 ,389025.5990 ,358581.0695 ,295396.2805 ,230568.0085 ,213315.3230 ,186332.5290 ,160929.5615 ,126920.7445 ,87413.5805 ,62015.7715 ,35817.2985 ,15289.1595 ,4408.2540 ,801.0450 ,97.2410 ,1780282.1105 ,3305690.6865 ,332763.0945 ,2113045.2050 ,0.538550723,0.100663712,0.639214435
43,Estimates,World,,900,,,1,World,0,1992,  648 926,  603 573,  547 163,  516 305,  504 418,  467 689,  393 890,  367 555,  307 723,  238 382,  214 931,  189 840,  163 497,  130 363,  91 285,  61 876,  37 005,  15 927,  4 695,   848,   100,,648925.8565 ,603573.2340 ,547163.0355 ,516305.0450 ,504417.7425 ,467688.8045 ,393890.3625 ,367555.1070 ,307723.1200 ,238381.5995 ,214930.9295 ,189839.6885 ,163496.6095 ,130362.5205 ,91284.7025 ,61875.5585 ,37005.2080 ,15927.1340 ,4695.3960 ,847.6680 ,100.4940 ,1799662.1260 ,3364229.0085 ,342098.6815 ,2141760.8075 ,0.534940434,0.101687097,0.636627531
44,Estimates,World,,900,,,1,World,0,1993,  645 336,  613 323,  559 204,  515 777,  509 655,  471 875,  405 788,  375 305,  320 076,  248 521,  215 776,  193 534,  165 591,  133 904,  95 553,  61 588,  38 187,  16 578,  4 971,   899,   103,,645336.1195 ,613323.1860 ,559204.2350 ,515777.1700 ,509654.7140 ,471875.1770 ,405788.0265 ,375304.8490 ,320076.1400 ,248520.6370 ,215776.2375 ,193534.2505 ,165590.9250 ,133904.0120 ,95552.8640 ,61587.5740 ,38187.1005 ,16578.1160 ,4971.2340 ,899.1965 ,103.0330 ,1817863.5405 ,3421898.1265 ,351783.1300 ,2169646.6705 ,0.531244202,0.102803508,0.63404771
45,Estimates,World,,900,,,1,World,0,1994,  640 546,  622 816,  569 732,  517 846,  511 970,  476 361,  421 447,  379 919,  331 436,  260 450,  216 759,  196 990,  167 411,  137 188,  99 661,  62 146,  39 295,  17 280,  5 236,   956,   106,,640546.1985 ,622815.5685 ,569732.0905 ,517845.8505 ,511969.6025 ,476361.0485 ,421446.9580 ,379919.2145 ,331435.7575 ,260449.9570 ,216758.9545 ,196989.8820 ,167411.4155 ,137188.3935 ,99661.4075 ,62145.9380 ,39294.6280 ,17280.3515 ,5235.9805 ,955.7175 ,106.3410 ,1833093.8575 ,3480588.6405 ,361868.7575 ,2194962.6150 ,0.526662024,0.103967689,0.630629713
46,Estimates,World,,900,,,1,World,0,1995,  634 154,  631 424,  579 927,  523 850,  512 158,  482 897,  436 811,  381 744,  341 908,  274 457,  218 136,  199 951,  169 630,  140 141,  103 099,  63 857,  40 139,  17 965,  5 495,  1 025,   111,,634154.0810 ,631424.1590 ,579927.0535 ,523849.9705 ,512158.1320 ,482896.7385 ,436810.8385 ,381743.7300 ,341908.3275 ,274456.6360 ,218136.2010 ,199950.5650 ,169629.8415 ,140141.1230 ,103099.2190 ,63856.5970 ,40138.5965 ,17965.4025 ,5494.9245 ,1025.4480 ,111.3975 ,1845505.2935 ,3541540.9805 ,371832.7080 ,2217338.0015 ,0.52110234,0.104991785,0.626094125
47,Estimates,World,,900,,,1,World,0,1996,  629 365,  635 973,  590 544,  532 709,  511 148,  490 137,  451 618,  383 124,  351 457,  287 609,  221 916,  202 409,  172 531,  142 885,  106 150,  66 417,  40 470,  18 624,  5 750,  1 102,   118,,629364.5710 ,635973.1145 ,590544.1910 ,532709.1925 ,511147.6300 ,490137.4235 ,451618.0275 ,383123.9090 ,351457.0640 ,287608.5250 ,221915.6645 ,202409.1285 ,172531.1580 ,142885.1335 ,106150.3340 ,66417.0590 ,40470.0695 ,18623.6045 ,5750.3445 ,1101.5360 ,118.0535 ,1855881.8765 ,3604657.7225 ,381516.1345 ,2237398.0110 ,0.514856616,0.105839767,0.620696383
48,Estimates,World,,900,,,1,World,0,1997,  627 308,  634 882,  600 776,  544 398,  510 443,  497 445,  461 280,  387 658,  360 174,  299 585,  229 494,  203 979,  175 912,  145 363,  109 182,  69 711,  40 505,  19 364,  6 023,  1 179,   127,,627307.6970 ,634881.9575 ,600776.2705 ,544397.6610 ,510442.9825 ,497444.9555 ,461279.5050 ,387658.4650 ,360174.1295 ,299584.7730 ,229494.1045 ,203979.3505 ,175912.0985 ,145362.8170 ,109181.5865 ,69711.3925 ,40505.1640 ,19364.4635 ,6022.5895 ,1178.9710 ,126.8825 ,1862965.9250 ,3670368.0250 ,391453.8665 ,2254419.7915 ,0.507569244,0.106652484,0.614221728
49,Estimates,World,,900,,,1,World,0,1998,  626 110,  631 493,  610 337,  556 561,  510 489,  502 707,  465 309,  399 403,  367 863,  311 675,  239 384,  204 858,  179 443,  147 465,  112 360,  73 274,  40 501,  20 123,  6 318,  1 256,   138,,626110.0965 ,631492.7800 ,610337.4995 ,556561.0740 ,510489.2490 ,502706.7360 ,465308.6570 ,399402.8600 ,367863.3215 ,311675.0760 ,239384.1705 ,204857.7650 ,179442.7170 ,147465.3075 ,112359.9905 ,73274.1795 ,40501.1835 ,20122.6820 ,6317.5485 ,1256.0435 ,137.7525 ,1867940.3760 ,3737691.6260 ,401434.6875 ,2269375.0635 ,0.499757755,0.107401768,0.607159523
50,Estimates,World,,900,,,1,World,0,1999,  625 630,  626 762,  619 637,  567 093,  513 074,  505 161,  469 791,  415 018,  372 602,  322 931,  251 152,  205 959,  182 792,  149 388,  115 366,  76 714,  40 979,  20 843,  6 636,  1 330,   150,,625629.7920 ,626762.4165 ,619636.7810 ,567092.8430 ,513073.8260 ,505161.3725 ,469790.7470 ,415017.7045 ,372601.9160 ,322931.0610 ,251151.9345 ,205959.3535 ,182792.2600 ,149387.8490 ,115365.7100 ,76714.0965 ,40978.6410 ,20843.0915 ,6635.7035 ,1329.7065 ,149.5340 ,1872028.9895 ,3805573.0180 ,411404.3320 ,2283433.3215 ,0.491917769,0.108105752,0.600023521
51,Estimates,World,,900,,,1,World,0,2000,  626 536,  620 435,  628 035,  577 189,  519 346,  505 466,  476 355,  430 309,  374 595,  333 384,  265 011,  207 488,  185 732,  151 643,  118 137,  79 668,  42 479,  21 396,  6 942,  1 397,   162,,626535.6965 ,620435.3445 ,628035.1725 ,577189.3390 ,519345.8410 ,505465.8950 ,476354.7395 ,430309.0965 ,374594.6300 ,333384.2040 ,265010.6120 ,207487.5030 ,185732.3770 ,151643.1175 ,118136.5235 ,79667.8285 ,42478.6450 ,21395.7885 ,6941.5795 ,1397.3510 ,161.7095 ,1875006.2135 ,3874874.2370 ,421822.5430 ,2296828.7565 ,0.483888276,0.108860964,0.592749239
52,Estimates,World,,900,,,1,World,0,2001,  628 669,  615 630,  632 279,  587 521,  528 206,  504 680,  483 703,  445 027,  376 029,  342 860,  277 967,  211 321,  188 227,  154 474,  120 746,  82 294,  44 737,  21 679,  7 248,  1 467,   174,,628668.8125 ,615629.5880 ,632278.9650 ,587521.1170 ,528206.1860 ,504680.2295 ,483703.0065 ,445026.9155 ,376029.0175 ,342859.8380 ,277966.5785 ,211320.5925 ,188226.7020 ,154474.4425 ,120746.0670 ,82294.0875 ,44737.2785 ,21678.7885 ,7247.7875 ,1466.7435 ,173.7160 ,1876577.3655 ,3945540.1830 ,432818.9110 ,2309396.2765 ,0.475619884,0.109698265,0.585318149
53,Estimates,World,,900,,,1,World,0,2002,  631 413,  613 842,  631 143,  597 397,  539 432,  504 062,  491 020,  454 639,  380 536,  351 513,  289 763,  218 831,  189 930,  157 754,  123 143,  84 896,  47 281,  21 822,  7 587,  1 541,   184,,631412.7620 ,613841.6510 ,631143.2460 ,597397.3700 ,539431.5615 ,504061.9915 ,491019.6745 ,454639.3865 ,380535.7030 ,351513.3400 ,289763.4045 ,218831.1485 ,189930.4160 ,157754.2155 ,123143.0240 ,84896.4260 ,47281.1230 ,21821.7260 ,7586.6050 ,1541.2065 ,184.3610 ,1876397.6590 ,4017123.9960 ,444208.6870 ,2320606.3460 ,0.467099761,0.110578784,0.577678545
54,Estimates,World,,900,,,1,World,0,2003,  634 725,  613 313,  627 957,  606 679,  551 114,  504 147,  496 208,  458 554,  392 032,  358 987,  301 535,  228 476,  191 004,  161 138,  125 226,  87 630,  49 955,  21 948,  7 924,  1 616,   194,,634725.2830 ,613312.8235 ,627956.8165 ,606679.1975 ,551114.2085 ,504147.0895 ,496208.3710 ,458553.6545 ,392032.2945 ,358987.3125 ,301534.8540 ,228475.7165 ,191004.0080 ,161137.5650 ,125226.2085 ,87630.2725 ,49954.8170 ,21947.5675 ,7924.1595 ,1615.7570 ,193.6570 ,1875994.9230 ,4088736.7065 ,455630.0040 ,2331624.9270 ,0.458820183,0.111435398,0.570255581
55,Estimates,World,,900,,,1,World,0,2004,  638 468,  613 564,  623 465,  615 827,  561 295,  506 797,  498 729,  462 963,  407 303,  363 443,  312 440,  239 876,  192 290,  164 337,  127 170,  90 258,  52 559,  22 403,  8 282,  1 705,   203,,638468.4165 ,613564.2645 ,623465.1945 ,615826.6670 ,561295.3235 ,506797.4855 ,498729.0505 ,462963.3045 ,407302.6990 ,363442.8710 ,312440.3570 ,239875.8580 ,192289.7935 ,164337.1370 ,127169.7270 ,90257.5965 ,52558.5575 ,22403.4570 ,8281.8255 ,1704.7095 ,203.4770 ,1875497.8755 ,4160963.4095 ,466916.4870 ,2342414.3625 ,0.45073645,0.112213553,0.562950003
56,Estimates,World,,900,,,1,World,0,2005,  641 821,  615 224,  617 433,  624 240,  571 043,  512 888,  499 115,  469 505,  422 344,  365 223,  322 584,  253 320,  193 979,  167 219,  129 418,  92 666,  54 857,  23 493,  8 580,  1 802,   214,,641820.9535 ,615224.3125 ,617432.7645 ,624240.1690 ,571042.9370 ,512887.6185 ,499114.9400 ,469504.8545 ,422344.1940 ,365223.0990 ,322584.3770 ,253320.1375 ,193979.3060 ,167219.2855 ,129418.0455 ,92665.8980 ,54857.4585 ,23493.4205 ,8579.5405 ,1802.4555 ,214.3645 ,1874478.0305 ,4234241.6325 ,478250.4685 ,2352728.4990 ,0.442695102,0.112948318,0.555643419
57,Estimates,World,,900,,,1,World,0,2006,  645 168,  618 013,  613 001,  628 558,  580 901,  521 365,  498 411,  477 029,  437 100,  366 656,  331 797,  265 923,  197 878,  169 750,  132 136,  94 993,  56 901,  25 004,  8 742,  1 899,   227,,645167.7775 ,618013.1275 ,613000.8645 ,628558.3815 ,580901.1445 ,521365.0525 ,498411.2475 ,477028.6670 ,437099.8460 ,366656.2840 ,331796.8405 ,265923.2265 ,197877.9785 ,169749.7225 ,132136.0735 ,94993.0045 ,56900.5895 ,25003.7135 ,8742.3990 ,1899.3395 ,226.7355 ,1876181.7695 ,4305618.6685 ,489651.5775 ,2365833.3470 ,0.435751959,0.113723861,0.54947582
58,Estimates,World,,900,,,1,World,0,2007,  649 871,  620 925,  611 385,  627 386,  590 517,  532 423,  498 028,  484 769,  447 100,  371 341,  340 302,  277 347,  205 245,  171 572,  135 233,  97 205,  58 906,  26 643,  8 865,  2 005,   241,,649871.1610 ,620924.6395 ,611384.7960 ,627386.1010 ,590517.0550 ,532422.9750 ,498028.0740 ,484769.1535 ,447099.5215 ,371341.3920 ,340302.2225 ,277347.1615 ,205244.8095 ,171571.8260 ,135233.4975 ,97204.8810 ,58905.6940 ,26642.7510 ,8865.0790 ,2005.0385 ,240.9525 ,1882180.5965 ,4374458.4655 ,500669.7195 ,2382850.3160 ,0.430265966,0.11445296,0.544718926
59,Estimates,World,,900,,,1,World,0,2008,  656 123,  624 235,  610 852,  624 307,  599 873,  544 049,  498 184,  490 158,  451 504,  383 050,  347 751,  288 747,  214 575,  172 845,  138 400,  99 134,  60 995,  28 300,  9 007,  2 114,   255,,656122.8175 ,624235.1820 ,610852.2960 ,624307.2815 ,599873.0145 ,544049.3665 ,498183.9090 ,490157.6950 ,451503.7815 ,383050.4880 ,347750.7585 ,288747.1325 ,214574.5315 ,172844.6020 ,138400.1595 ,99134.4575 ,60994.6365 ,28299.8375 ,9006.5795 ,2114.0855 ,255.0500 ,1891210.2955 ,4442197.9585 ,511049.4080 ,2402259.7035 ,0.425737509,0.115044267,0.540781776
60,Estimates,World,,900,,,1,World,0,2009,  663 301,  628 070,  611 109,  620 144,  609 341,  554 223,  500 731,  492 543,  456 144,  398 540,  352 254,  299 425,  225 492,  174 332,  141 388,  100 978,  63 024,  29 923,  9 309,  2 223,   271,,663301.1190 ,628070.3100 ,611108.7510 ,620144.1780 ,609340.9325 ,554222.9570 ,500731.3670 ,492542.7930 ,456143.6915 ,398540.2660 ,352253.6165 ,299424.6965 ,225492.0970 ,174331.8485 ,141388.2455 ,100978.1855 ,63024.4155 ,29923.3395 ,9309.4795 ,2223.2915 ,270.8350 ,1902480.1800 ,4508836.5950 ,521449.6405 ,2423929.8205 ,0.421944805,0.115650596,0.537595402
61,Estimates,World,,900,,,1,World,0,2010,  670 391,  631 495,  612 686,  614 407,  618 347,  564 167,  506 746,  492 769,  462 644,  413 821,  354 195,  309 417,  238 302,  176 216,  144 145,  103 089,  64 973,  31 415,  9 910,  2 309,   287,,670391.4760 ,631495.1080 ,612686.4460 ,614407.3440 ,618347.1315 ,564167.3765 ,506745.5600 ,492768.6935 ,462643.8450 ,413821.2180 ,354194.5990 ,309416.7620 ,238302.1900 ,176216.1800 ,144145.1450 ,103088.5345 ,64973.0965 ,31415.2615 ,9909.8085 ,2309.0230 ,287.3495 ,1914573.0300 ,4574814.7195 ,532344.3985 ,2446917.4285 ,0.418502857,0.116364144,0.534867001
62,Estimates,World,,900,,,1,World,0,2011,  676 964,  635 194,  615 309,  610 042,  623 247,  574 384,  515 179,  492 042,  469 968,  428 608,  355 859,  318 488,  250 357,  180 163,  146 639,  105 567,  66 846,  32 741,  10 671,  2 355,   303,,676963.5040 ,635193.5665 ,615308.5420 ,610042.0100 ,623247.2615 ,574383.9905 ,515178.6010 ,492041.6770 ,469968.0145 ,428607.6750 ,355858.5155 ,318488.0045 ,250357.1230 ,180163.1530 ,146638.5595 ,105567.0100 ,66845.9270 ,32741.4245 ,10671.1690 ,2354.8805 ,303.1570 ,1927465.6125 ,4638172.8725 ,545285.2805 ,2472750.8930 ,0.415565712,0.117564674,0.533130386
63,Estimates,World,,900,,,1,World,0,2012,  683 540,  640 538,  618 166,  608 385,  622 375,  584 281,  526 254,  491 689,  477 489,  438 470,  360 730,  326 895,  261 373,  187 290,  148 585,  108 363,  68 613,  34 036,  11 426,  2 386,   320,,683539.9065 ,640538.1840 ,618165.6195 ,608385.2390 ,622374.5375 ,584280.7555 ,526253.9265 ,491688.9845 ,477488.9715 ,438470.4000 ,360730.0145 ,326895.3685 ,261373.2635 ,187289.5725 ,148584.6010 ,108362.8980 ,68612.9955 ,34035.6420 ,11425.9580 ,2385.7370 ,319.9095 ,1942243.7100 ,4697941.4610 ,561017.3135 ,2503261.0235 ,0.413424417,0.119417689,0.532842106
64,Estimates,World,,900,,,1,World,0,2013,  689 122,  647 396,  621 568,  607 768,  619 292,  593 785,  537 996,  491 873,  482 851,  442 789,  372 506,  334 253,  272 408,  196 155,  150 152,  111 237,  70 276,  35 427,  12 171,  2 431,   338,,689121.9215 ,647396.0735 ,621568.3110 ,607767.9435 ,619291.9080 ,593785.3615 ,537996.1935 ,491872.8415 ,482851.4700 ,442788.6385 ,372505.5565 ,334253.4515 ,272408.0205 ,196154.7685 ,150151.5120 ,111237.0645 ,70275.6165 ,35427.2015 ,12170.6100 ,2431.4070 ,337.7140 ,1958086.3060 ,4755521.3850 ,578185.8940 ,2536272.2000 ,0.411750079,0.12158202,0.533332099
65,Estimates,World,,900,,,1,World,0,2014,  692 944,  655 155,  625 624,  607 971,  614 984,  603 264,  548 224,  494 415,  485 333,  447 450,  387 952,  338 720,  282 716,  206 404,  151 895,  113 963,  71 945,  36 833,  12 926,  2 541,   356,,692944.1410 ,655155.2270 ,625624.3670 ,607970.5615 ,614984.3070 ,603263.5990 ,548223.7850 ,494414.5130 ,485333.1175 ,447449.6035 ,387951.9540 ,338720.0940 ,282716.2190 ,206404.1605 ,151895.4525 ,113963.4210 ,71945.1875 ,36832.6940 ,12926.1745 ,2541.2460 ,356.4195 ,1973723.7350 ,4811027.7535 ,596864.7555 ,2570588.4905 ,0.410249917,0.124061798,0.534311715
66,Estimates,World,,900,,,1,World,0,2015,  695 587,  662 782,  629 321,  609 670,  609 018,  612 074,  558 059,  500 465,  485 708,  454 094,  403 046,  340 721,  292 348,  218 445,  153 869,  116 519,  73 817,  38 199,  13 640,  2 739,   371,,695586.9715 ,662781.9515 ,629321.0235 ,609670.0935 ,609017.6245 ,612074.4440 ,558059.0540 ,500464.9910 ,485707.9670 ,454094.0305 ,403045.9725 ,340720.9850 ,292348.0370 ,218444.6395 ,153869.4145 ,116518.9300 ,73817.2445 ,38199.0580 ,13639.5880 ,2739.0955 ,370.7560 ,1987689.9465 ,4865203.1990 ,617598.7260 ,2605288.6725 ,0.408552298,0.126942021,0.535494319
67,Estimates,World,,900,,,1,World,0,2016,  697 616,  669 834,  633 154,  612 528,  604 602,  616 986,  568 145,  508 997,  484 943,  461 497,  417 485,  342 341,  301 033,  229 778,  157 609,  118 885,  75 943,  39 513,  14 291,  2 992,   381,,697616.1475 ,669833.6955 ,633154.0750 ,612528.3455 ,604602.4860 ,616986.3535 ,568144.9745 ,508996.7160 ,484942.9870 ,461496.9055 ,417485.2855 ,342341.1590 ,301032.9715 ,229777.6825 ,157609.4825 ,118885.0105 ,75942.9640 ,39512.9425 ,14291.4775 ,2991.5980 ,381.2660 ,2000603.9180 ,4918558.1840 ,639392.4235 ,2639996.3415 ,0.40674601,0.129995905,0.536741916
68,Estimates,World,,900,,,1,World,0,2017,  697 928,  677 039,  638 611,  615 571,  603 245,  616 414,  578 084,  520 021,  484 340,  468 848,  427 018,  346 917,  308 938,  240 061,  164 182,  120 805,  78 259,  40 764,  14 932,  3 247,   395,,697928.0790 ,677038.8720 ,638610.9050 ,615571.0940 ,603245.1180 ,616414.1715 ,578084.2040 ,520021.3420 ,484340.3885 ,468848.1895 ,427017.7365 ,346916.6410 ,308937.5420 ,240060.9745 ,164182.2390 ,120804.9125 ,78259.0395 ,40763.7260 ,14931.5865 ,3246.5925 ,394.6005 ,2013577.8560 ,4969396.4270 ,662643.6710 ,2676221.5270 ,0.405195658,0.1333449,0.538540558
69,Estimates,World,,900,,,1,World,0,2018,  695 282,  683 273,  645 556,  618 964,  603 179,  613 682,  587 863,  531 669,  484 282,  473 898,  431 171,  358 197,  315 747,  250 331,  172 314,  122 408,  80 603,  41 970,  15 614,  3 487,   413,,695282.0380 ,683273.3315 ,645556.0935 ,618963.9745 ,603178.5625 ,613681.6840 ,587863.2675 ,531669.3205 ,484281.9255 ,473898.0315 ,431170.8330 ,358197.1600 ,315746.5385 ,250330.8845 ,172313.8405 ,122408.0055 ,80603.0145 ,41970.4860 ,15614.2465 ,3486.7905 ,412.7520 ,2024111.4630 ,5018651.2975 ,687140.0200 ,2711251.4830 ,0.403317812,0.136917267,0.54023508
70,Estimates,World,,900,,,1,World,0,2019,  690 618,  687 454,  653 449,  622 823,  603 876,  609 714,  597 569,  541 903,  486 673,  476 092,  435 796,  373 080,  319 844,  259 968,  181 708,  124 140,  82 863,  43 224,  16 329,  3 728,   443,,690617.5370 ,687453.5195 ,653449.3235 ,622822.5590 ,603875.6580 ,609713.5705 ,597569.4940 ,541902.8185 ,486672.9305 ,476092.4350 ,435796.1255 ,373080.0400 ,319844.1415 ,259967.5910 ,181708.4230 ,124139.8000 ,82862.7715 ,43224.0865 ,16329.3570 ,3728.1220 ,443.3950 ,2031520.3800 ,5067369.7725 ,712403.5460 ,2743923.9260 ,0.400902336,0.140586454,0.54148879
71,Estimates,World,,900,,,1,World,0,2020,  683 431,  690 290,  661 339,  626 456,  605 907,  604 265,  606 463,  551 782,  492 545,  476 119,  442 213,  387 526,  321 340,  268 655,  192 383,  125 763,  84 782,  44 415,  16 935,  3 911,   480,,683431.0045 ,690290.3270 ,661339.1640 ,626455.8475 ,605906.7970 ,604265.4160 ,606463.1940 ,551782.3105 ,492545.3140 ,476119.4225 ,442212.7840 ,387525.5965 ,321339.5445 ,268655.2290 ,192383.2280 ,125763.4075 ,84782.4395 ,44414.6060 ,16935.2280 ,3910.8050 ,479.6270 ,2035060.4955 ,5114616.2265 ,737324.5700 ,2772385.0655 ,0.397891143,0.144160292,0.542051435
72,Estimates,World,,900,,,1,World,0,2021,  673 692,  692 143,  668 649,  630 512,  608 960,  600 731,  611 298,  561 886,  500 786,  474 712,  448 969,  400 956,  321 911,  275 740,  201 733,  128 361,  86 088,  45 434,  17 368,  4 013,   505,,673691.5665 ,692143.4880 ,668649.1020 ,630512.3095 ,608960.2050 ,600731.1945 ,611297.5575 ,561886.4125 ,500786.1950 ,474711.7540 ,448968.8855 ,400955.9235 ,321910.9980 ,275740.3230 ,201733.0385 ,128360.9855 ,86088.2800 ,45433.8055 ,17367.8885 ,4013.1070 ,505.3720 ,2034484.1565 ,5160721.4350 ,759242.8000 ,2793726.9565 ,0.394224758,0.147119508,0.541344266
73,Estimates,World,,900,,,1,World,0,2022,  663 098,  691 894,  675 828,  636 203,  611 997,  600 003,  610 765,  571 809,  511 802,  473 854,  455 885,  409 853,  325 757,  282 340,  210 295,  133 621,  87 229,  46 685,  17 840,  4 122,   524,,663098.2340 ,691894.1020 ,675827.8285 ,636203.3405 ,611997.2230 ,600002.9995 ,610764.5300 ,571809.4245 ,511802.1815 ,473853.9750 ,455884.7675 ,409853.4900 ,325757.4550 ,282340.0735 ,210295.3380 ,133621.0300 ,87228.8545 ,46685.4430 ,17840.0825 ,4122.3540 ,524.4655 ,2030820.1645 ,5207929.3865 ,782657.6410 ,2813477.8055 ,0.389947715,0.150281923,0.540229638
74,Estimates,World,,900,,,1,World,0,2023,  654 028,  688 865,  681 689,  643 194,  615 192,  599 823,  608 328,  581 552,  523 789,  474 210,  461 087,  414 181,  336 881,  288 654,  219 433,  140 706,  88 626,  48 202,  18 444,  4 302,   550,,654028.3225 ,688865.4455 ,681688.9860 ,643194.0655 ,615192.1610 ,599822.5160 ,608328.2390 ,581551.6030 ,523789.1325 ,474209.5125 ,461086.5470 ,414181.1905 ,336881.1245 ,288653.7665 ,219433.1490 ,140705.6055 ,88625.6385 ,48202.0685 ,18444.2545 ,4301.8305 ,549.7715 ,2024582.7540 ,5258236.0915 ,808916.0845 ,2833498.8385 ,0.385030782,0.153837916,0.538868698
,,,,,,,,,,,,,,,,,,,,,,,,,,,,,,,,,,,,,,,,,,,,,,,,,,,,,,,,,,,,
,,,,,,,,,,,,,,,,,,,,,,,,,,,,,,,,,,,,,,,,,,,,,,,,,,,,,,,,,,,,
,,,,,,,,,,,"Total population by five-year age group, both sexes combined (thousands)",,,,,,,,,,,,,,,,,,,,,,CORRECTED (WITHOUT GAP),,,,,,,,,,,,,,,,,,,,,,,,,,,
Index,Variant,"Region, subregion, country or area *",Notes,Location code,ISO3 Alpha-code,ISO2 Alpha-code,SDMX code**,Type,Parent code,Year,0-4,5-9,10-14,15-19,20-24,25-29,30-34,35-39,40-44,45-49,50-54,55-59,60-64,65-69,70-74,75-79,80-84,85-89,90-94,95-99,100+,,0-4,5-9,10-14,15-19,20-24,25-29,30-34,35-39,40-44,45-49,50-54,55-59,60-64,65-69,70-74,75-79,80-84,85-89,90-94,95-99,100+,NO OF CHILDREN(<15 YRS),(15-64 YRS),NO OF ADULT(>65 YRS),CHILD + ADULT,CDR(BANGLADESH),ADR(BANGLADESH),TDR(BANGLADESH)
8515,Estimates,Bangladesh,,50,BGD,BD,50,Country/Area,5501,1950,  6 747,  5 444,  4 768,  4 171,  3 595,  3 120,  2 679,  2 299,  1 947,  1 653,  1 334,  1 062,   783,   631,   524,   321,   105,   20,   2,   0,   0,,6746.815 ,5444.461 ,4767.984 ,4171.330 ,3595.163 ,3120.384 ,2679.170 ,2299.212 ,1947.389 ,1652.714 ,1334.405 ,1061.854 ,782.814 ,630.533 ,523.882 ,321.436 ,105.364 ,19.991 ,1.869 ,0.087 ,0.002 ,16959.2595 ,22644.4335 ,1603.1630 ,18562.4225 ,0.748937239,0.070797223,0.819734461
8516,Estimates,Bangladesh,,50,BGD,BD,50,Country/Area,5501,1951,  6 843,  5 567,  4 866,  4 267,  3 682,  3 193,  2 744,  2 355,  1 996,  1 693,  1 372,  1 090,   796,   614,   503,   312,   108,   20,   1,   0,   0,,6842.665 ,5567.095 ,4865.589 ,4266.914 ,3682.407 ,3193.466 ,2743.635 ,2355.086 ,1995.819 ,1693.128 ,1372.212 ,1090.019 ,795.891 ,614.291 ,502.519 ,312.356 ,107.993 ,19.643 ,1.495 ,0.079 ,0.007 ,17275.3480 ,23188.5750 ,1558.3805 ,18833.7285 ,0.744993946,0.067204669,0.812198615
8517,Estimates,Bangladesh,,50,BGD,BD,50,Country/Area,5501,1952,  6 976,  5 684,  4 963,  4 365,  3 774,  3 265,  2 811,  2 410,  2 048,  1 731,  1 414,  1 117,   817,   603,   481,   304,   111,   19,   1,   0,   0,,6976.271 ,5683.904 ,4962.858 ,4364.566 ,3774.149 ,3265.214 ,2810.684 ,2410.118 ,2047.610 ,1731.049 ,1413.703 ,1116.565 ,817.051 ,602.929 ,480.806 ,304.176 ,111.079 ,18.848 ,1.352 ,0.079 ,0.007 ,17623.0320 ,23750.7060 ,1519.2730 ,19142.3050 ,0.742000343,0.063967488,0.805967831
8518,Estimates,Bangladesh,,50,BGD,BD,50,Country/Area,5501,1953,  7 175,  5 762,  5 063,  4 460,  3 864,  3 332,  2 876,  2 463,  2 100,  1 767,  1 456,  1 143,   843,   597,   460,   296,   113,   18,   1,   0,   0,,7175.333 ,5761.629 ,5062.921 ,4460.492 ,3863.959 ,3332.457 ,2876.086 ,2462.803 ,2100.059 ,1767.143 ,1456.346 ,1142.526 ,843.121 ,596.789 ,460.385 ,296.451 ,113.154 ,18.415 ,1.282 ,0.043 ,0.002 ,17999.8825 ,24304.9895 ,1486.5195 ,19486.4020 ,0.740583842,0.061161084,0.801744926
8519,Estimates,Bangladesh,,50,BGD,BD,50,Country/Area,5501,1954,  7 449,  5 798,  5 172,  4 555,  3 952,  3 401,  2 940,  2 516,  2 152,  1 805,  1 498,  1 171,   870,   597,   444,   288,   113,   19,   1,   0,0,,7448.658 ,5797.918 ,5171.561 ,4554.927 ,3951.715 ,3400.950 ,2940.315 ,2516.172 ,2152.001 ,1805.277 ,1497.603 ,1171.233 ,870.204 ,596.964 ,443.851 ,288.333 ,113.438 ,18.898 ,1.271 ,0.013 ,0.000 ,18418.1365 ,24860.3935 ,1462.7655 ,19880.9020 ,0.74086263,0.058839193,0.799701823
8520,Estimates,Bangladesh,,50,BGD,BD,50,Country/Area,5501,1955,  7 737,  5 858,  5 290,  4 651,  4 040,  3 475,  3 006,  2 573,  2 204,  1 847,  1 537,  1 204,   897,   604,   432,   280,   112,   20,   1,   0,0,,7736.501 ,5858.019 ,5289.573 ,4650.714 ,4040.160 ,3475.392 ,3006.026 ,2572.683 ,2204.002 ,1847.327 ,1537.331 ,1203.760 ,896.896 ,603.612 ,432.123 ,279.842 ,112.396 ,19.995 ,1.329 ,0.008 ,0.000 ,18884.0915 ,25434.2895 ,1449.3030 ,20333.3945 ,0.742465855,0.056982248,0.799448103
8521,Estimates,Bangladesh,,50,BGD,BD,50,Country/Area,5501,1956,  8 013,  5 965,  5 411,  4 747,  4 130,  3 554,  3 072,  2 632,  2 256,  1 892,  1 575,  1 239,   923,   617,   424,   271,   111,   21,   1,   0,0,,8013.175 ,5965.274 ,5410.900 ,4746.786 ,4129.934 ,3554.372 ,3071.754 ,2631.550 ,2255.508 ,1892.405 ,1575.236 ,1239.420 ,922.940 ,616.534 ,423.896 ,271.043 ,111.109 ,21.215 ,1.362 ,0.008 ,0.000 ,19389.3490 ,26019.9025 ,1445.1655 ,20834.5145 ,0.745173776,0.055540773,0.800714549
8522,Estimates,Bangladesh,,50,BGD,BD,50,Country/Area,5501,1957,  8 301,  6 107,  5 527,  4 843,  4 223,  3 638,  3 137,  2 693,  2 306,  1 941,  1 611,  1 279,   948,   636,   419,   262,   110,   22,   1,   0,0,,8300.886 ,6107.499 ,5527.045 ,4842.998 ,4222.626 ,3638.387 ,3136.596 ,2693.219 ,2306.412 ,1940.834 ,1610.996 ,1278.588 ,947.861 ,635.812 ,418.873 ,262.053 ,110.214 ,22.412 ,1.354 ,0.009 ,0.000 ,19935.4300 ,26618.5150 ,1450.7240 ,21386.1540 ,0.74893096,0.054500561,0.803431521
8523,Estimates,Bangladesh,,50,BGD,BD,50,Country/Area,5501,1958,  8 598,  6 313,  5 606,  4 939,  4 310,  3 719,  3 197,  2 754,  2 355,  1 990,  1 645,  1 319,   973,   659,   417,   254,   109,   23,   1,   0,0,,8598.331 ,6313.328 ,5605.798 ,4939.196 ,4310.481 ,3719.445 ,3197.140 ,2753.689 ,2355.411 ,1990.162 ,1645.316 ,1319.024 ,972.572 ,659.023 ,417.407 ,253.722 ,109.350 ,23.312 ,1.339 ,0.010 ,0.000 ,20517.4565 ,27202.4355 ,1464.1615 ,21981.6180 ,0.754250718,0.053824647,0.808075365
8524,Estimates,Bangladesh,,50,BGD,BD,50,Country/Area,5501,1959,  8 906,  6 590,  5 645,  5 046,  4 401,  3 803,  3 263,  2 816,  2 407,  2 040,  1 682,  1 359,  1 000,   683,   420,   247,   108,   24,   1,   0,0,,8906.271 ,6590.143 ,5645.012 ,5046.341 ,4401.151 ,3803.046 ,3262.550 ,2815.561 ,2406.649 ,2039.962 ,1682.134 ,1358.558 ,999.911 ,683.130 ,420.410 ,247.418 ,108.133 ,23.910 ,1.471 ,0.008 ,0.000 ,21141.4255 ,27815.8595 ,1484.4770 ,22625.9025 ,0.760049334,0.053368008,0.813417342
8525,Estimates,Bangladesh,,50,BGD,BD,50,Country/Area,5501,1960,  9 229,  6 880,  5 707,  5 169,  4 504,  3 897,  3 340,  2 883,  2 464,  2 091,  1 724,  1 397,  1 031,   707,   428,   244,   107,   24,   2,   0,   0,,9229.318 ,6879.850 ,5707.382 ,5169.321 ,4504.086 ,3896.769 ,3340.349 ,2883.178 ,2463.568 ,2091.422 ,1723.572 ,1397.275 ,1030.896 ,707.130 ,428.104 ,243.667 ,106.631 ,24.356 ,1.766 ,0.023 ,0.002 ,21816.5495 ,28500.4330 ,1511.6780 ,23328.2275 ,0.765481335,0.053040527,0.818521862
8526,Estimates,Bangladesh,,50,BGD,BD,50,Country/Area,5501,1961,  9 570,  7 160,  5 815,  5 297,  4 611,  3 996,  3 426,  2 953,  2 524,  2 143,  1 769,  1 435,  1 065,   731,   440,   242,   105,   25,   2,   0,   0,,9570.148 ,7159.649 ,5815.401 ,5297.001 ,4611.430 ,3996.174 ,3425.971 ,2953.223 ,2524.364 ,2143.486 ,1768.580 ,1434.887 ,1065.005 ,730.960 ,440.424 ,241.763 ,104.956 ,24.796 ,2.072 ,0.058 ,0.008 ,22545.1970 ,29220.1170 ,1545.0335 ,24090.2305 ,0.771564227,0.052875678,0.824439906
8527,Estimates,Bangladesh,,50,BGD,BD,50,Country/Area,5501,1962,  9 927,  7 451,  5 958,  5 419,  4 721,  4 101,  3 519,  3 024,  2 589,  2 196,  1 817,  1 471,  1 103,   754,   457,   242,   103,   25,   2,   0,   0,,9927.350 ,7450.763 ,5958.177 ,5419.328 ,4720.547 ,4101.171 ,3518.961 ,3024.254 ,2589.153 ,2195.881 ,1817.375 ,1471.110 ,1102.594 ,754.322 ,457.489 ,241.600 ,103.258 ,25.367 ,2.353 ,0.087 ,0.012 ,23336.2890 ,29960.3715 ,1584.4855 ,24920.7745 ,0.778905195,0.052886043,0.831791238
8528,Estimates,Bangladesh,,50,BGD,BD,50,Country/Area,5501,1963,  10 281,  7 751,  6 164,  5 504,  4 832,  4 209,  3 616,  3 096,  2 656,  2 249,  1 868,  1 507,  1 142,   778,   477,   243,   102,   26,   3,   0,   0,,10281.267 ,7750.980 ,6163.774 ,5503.871 ,4832.439 ,4208.633 ,3616.239 ,3096.407 ,2656.269 ,2248.609 ,1868.284 ,1506.809 ,1141.703 ,777.816 ,477.443 ,243.442 ,101.795 ,25.920 ,2.587 ,0.106 ,0.014 ,24196.0205 ,30679.2600 ,1629.1215 ,25825.1420 ,0.788676797,0.053101721,0.841778517
8529,Estimates,Bangladesh,,50,BGD,BD,50,Country/Area,5501,1964,  10 624,  8 060,  6 439,  5 548,  4 952,  4 316,  3 715,  3 173,  2 724,  2 303,  1 920,  1 545,  1 180,   804,   498,   248,   101,   26,   3,   0,   0,,10623.878 ,8059.957 ,6439.290 ,5547.879 ,4951.758 ,4316.427 ,3714.683 ,3172.593 ,2724.379 ,2303.275 ,1919.536 ,1544.796 ,1180.070 ,803.533 ,498.063 ,247.957 ,101.064 ,26.320 ,2.782 ,0.125 ,0.014 ,25123.1240 ,31375.3935 ,1679.8560 ,26802.9800 ,0.800726977,0.053540556,0.854267533
8530,Estimates,Bangladesh,,50,BGD,BD,50,Country/Area,5501,1965,  10 944,  8 380,  6 726,  5 613,  5 080,  4 426,  3 814,  3 254,  2 794,  2 361,  1 971,  1 586,  1 217,   832,   518,   255,   101,   27,   3,   0,   0,,10943.872 ,8379.744 ,6726.269 ,5613.377 ,5080.364 ,4426.441 ,3814.170 ,3254.366 ,2793.709 ,2360.528 ,1970.503 ,1585.836 ,1217.007 ,831.777 ,518.360 ,255.221 ,101.244 ,26.588 ,2.968 ,0.161 ,0.018 ,26049.8840 ,32116.3000 ,1736.3350 ,27786.2190 ,0.811110993,0.05406398,0.865174973
8531,Estimates,Bangladesh,,50,BGD,BD,50,Country/Area,5501,1966,  11 246,  8 715,  7 003,  5 722,  5 209,  4 535,  3 914,  3 340,  2 863,  2 420,  2 021,  1 630,  1 253,   862,   539,   265,   102,   27,   3,   0,   0,,11245.890 ,8714.907 ,7003.350 ,5721.787 ,5208.733 ,4534.916 ,3914.379 ,3340.363 ,2863.217 ,2420.117 ,2021.206 ,1629.661 ,1252.792 ,862.494 ,538.533 ,265.240 ,102.102 ,26.795 ,3.139 ,0.171 ,0.017 ,26964.1460 ,32907.1690 ,1798.4905 ,28762.6365 ,0.819400356,0.054653456,0.874053812
8532,Estimates,Bangladesh,,50,BGD,BD,50,Country/Area,5501,1967,  11 551,  9 064,  7 292,  5 863,  5 329,  4 642,  4 018,  3 432,  2 933,  2 483,  2 072,  1 677,  1 288,   896,   559,   278,   104,   27,   3,   0,   0,,11550.743 ,9064.094 ,7291.916 ,5863.255 ,5328.937 ,4641.839 ,4017.563 ,3431.951 ,2932.868 ,2483.177 ,2072.178 ,1677.082 ,1287.723 ,896.399 ,558.708 ,278.216 ,103.725 ,27.048 ,3.327 ,0.171 ,0.015 ,27906.7520 ,33736.5695 ,1867.6070 ,29774.3590 ,0.827195901,0.055358533,0.882554434
8533,Estimates,Bangladesh,,50,BGD,BD,50,Country/Area,5501,1968,  11 860,  9 412,  7 591,  6 067,  5 411,  4 751,  4 123,  3 527,  3 004,  2 549,  2 124,  1 727,  1 323,   932,   579,   293,   106,   27,   4,   0,   0,,11859.964 ,9411.731 ,7590.757 ,6066.656 ,5411.425 ,4750.639 ,4122.550 ,3527.366 ,3003.578 ,2548.610 ,2123.705 ,1726.677 ,1322.609 ,931.961 ,579.425 ,293.165 ,106.332 ,27.421 ,3.524 ,0.174 ,0.011 ,28862.4520 ,34603.8130 ,1942.0110 ,30804.4630 ,0.834082995,0.056121301,0.890204296
8534,Estimates,Bangladesh,,50,BGD,BD,50,Country/Area,5501,1969,  12 178,  9 746,  7 897,  6 331,  5 440,  4 853,  4 217,  3 617,  3 074,  2 612,  2 175,  1 776,  1 359,   967,   602,   309,   110,   28,   4,   0,   0,,12177.826 ,9746.113 ,7896.840 ,6331.218 ,5440.061 ,4852.837 ,4217.418 ,3616.828 ,3073.736 ,2612.258 ,2175.414 ,1775.558 ,1359.048 ,966.795 ,601.886 ,308.543 ,110.151 ,27.892 ,3.590 ,0.121 ,0.004 ,29820.7780 ,35454.3745 ,2018.9800 ,31839.7580 ,0.841102922,0.056945864,0.898048787
8535,Estimates,Bangladesh,,50,BGD,BD,50,Country/Area,5501,1970,  12 454,  10 030,  8 201,  6 600,  5 479,  4 951,  4 303,  3 698,  3 142,  2 671,  2 225,  1 820,  1 395,   998,   624,   323,   115,   28,   4,   0,   0,,12453.759 ,10029.699 ,8201.054 ,6599.742 ,5479.156 ,4951.157 ,4302.549 ,3697.580 ,3141.778 ,2671.180 ,2224.736 ,1819.892 ,1394.685 ,997.743 ,624.383 ,323.057 ,114.782 ,28.326 ,3.563 ,0.076 ,0.001 ,30684.5120 ,36282.4535 ,2091.9290 ,32776.4410 ,0.845712157,0.057656768,0.903368925
8536,Estimates,Bangladesh,,50,BGD,BD,50,Country/Area,5501,1971,  12 560,  10 239,  8 499,  6 841,  5 530,  5 017,  4 359,  3 751,  3 187,  2 703,  2 249,  1 836,  1 405,  1 002,   627,   328,   115,   26,   3,   0,   0,,12559.863 ,10239.351 ,8499.139 ,6840.591 ,5530.491 ,5016.915 ,4358.919 ,3751.386 ,3186.886 ,2702.564 ,2249.064 ,1835.880 ,1405.229 ,1001.562 ,627.273 ,327.766 ,114.620 ,25.998 ,3.031 ,0.206 ,0.031 ,31298.3525 ,36877.9210 ,2100.4850 ,33398.8375 ,0.848701653,0.056957793,0.905659446
8537,Estimates,Bangladesh,,50,BGD,BD,50,Country/Area,5501,1972,  12 766,  10 454,  8 813,  7 091,  5 604,  5 061,  4 404,  3 803,  3 236,  2 735,  2 278,  1 855,  1 422,  1 008,   634,   333,   117,   24,   2,   0,   0,,12766.268 ,10454.498 ,8812.562 ,7090.696 ,5603.942 ,5061.246 ,4403.907 ,3803.244 ,3235.523 ,2734.641 ,2278.282 ,1854.961 ,1421.998 ,1008.230 ,634.462 ,332.892 ,117.226 ,24.303 ,2.432 ,0.169 ,0.041 ,32033.3275 ,37488.4375 ,2119.7540 ,34153.0815 ,0.854485533,0.056544208,0.911029741
8538,Estimates,Bangladesh,,50,BGD,BD,50,Country/Area,5501,1973,  13 206,  10 705,  9 140,  7 379,  5 781,  5 107,  4 479,  3 886,  3 316,  2 797,  2 338,  1 904,  1 470,  1 043,   666,   348,   128,   26,   3,   0,   0,,13206.466 ,10705.431 ,9139.661 ,7378.948 ,5781.061 ,5106.751 ,4478.907 ,3885.597 ,3315.642 ,2796.921 ,2338.128 ,1904.217 ,1469.778 ,1043.297 ,665.962 ,348.406 ,128.189 ,26.378 ,2.533 ,0.012 ,0.014 ,33051.5570 ,38455.9475 ,2214.7895 ,35266.3465 ,0.859465418,0.057592899,0.917058317
8539,Estimates,Bangladesh,,50,BGD,BD,50,Country/Area,5501,1974,  13 659,  10 946,  9 452,  7 676,  6 029,  5 113,  4 557,  3 965,  3 395,  2 862,  2 398,  1 955,  1 518,  1 080,   698,   365,   139,   29,   3,   0,   0,,13659.431 ,10945.541 ,9452.396 ,7676.050 ,6028.580 ,5112.955 ,4557.262 ,3965.324 ,3394.690 ,2861.813 ,2398.232 ,1954.766 ,1517.610 ,1080.121 ,698.244 ,365.316 ,139.333 ,28.935 ,2.724 ,0.027 ,0.005 ,34057.3670 ,39467.2785 ,2314.7020 ,36372.0690 ,0.862926665,0.058648635,0.921575299
8540,Estimates,Bangladesh,,50,BGD,BD,50,Country/Area,5501,1975,  14 120,  11 181,  9 680,  7 935,  6 289,  5 148,  4 640,  4 037,  3 463,  2 920,  2 451,  2 003,  1 565,  1 120,   731,   384,   150,   32,   3,   0,   0,,14120.361 ,11181.467 ,9679.752 ,7934.904 ,6288.892 ,5147.934 ,4640.017 ,4037.194 ,3462.644 ,2920.489 ,2450.807 ,2003.426 ,1565.434 ,1119.814 ,731.018 ,384.483 ,150.445 ,32.170 ,3.069 ,0.036 ,0.001 ,34981.5790 ,40451.7380 ,2421.0335 ,37402.6125 ,0.864773202,0.059849925,0.924623127
8541,Estimates,Bangladesh,,50,BGD,BD,50,Country/Area,5501,1976,  14 570,  11 440,  9 832,  8 155,  6 551,  5 256,  4 738,  4 111,  3 528,  2 976,  2 497,  2 051,  1 614,  1 163,   765,   406,   162,   36,   4,   0,0,,14570.464 ,11439.984 ,9832.477 ,8155.075 ,6551.483 ,5255.557 ,4738.208 ,4110.603 ,3527.522 ,2975.988 ,2497.257 ,2050.785 ,1614.152 ,1162.911 ,764.633 ,406.413 ,161.716 ,36.321 ,3.711 ,0.061 ,0.000 ,35842.9250 ,41476.6280 ,2535.7650 ,38378.6900 ,0.864171625,0.061137202,0.925308827
8542,Estimates,Bangladesh,,50,BGD,BD,50,Country/Area,5501,1977,  14 945,  11 775,  9 989,  8 356,  6 806,  5 401,  4 834,  4 182,  3 594,  3 034,  2 541,  2 098,  1 661,  1 208,   797,   430,   172,   41,   4,   0,0,,14944.774 ,11774.945 ,9988.809 ,8355.710 ,6806.407 ,5400.662 ,4833.698 ,4182.191 ,3594.034 ,3033.513 ,2540.976 ,2097.565 ,1661.152 ,1207.620 ,797.239 ,430.261 ,172.351 ,40.922 ,4.335 ,0.105 ,0.000 ,36708.5275 ,42505.9045 ,2652.8315 ,39361.3590 ,0.863610078,0.062410894,0.926020972
8543,Estimates,Bangladesh,,50,BGD,BD,50,Country/Area,5501,1978,  15 255,  12 178,  10 156,  8 531,  7 050,  5 608,  4 900,  4 256,  3 662,  3 092,  2 583,  2 143,  1 706,  1 253,   829,   455,   183,   46,   5,   0,   0,,15255.089 ,12178.459 ,10156.157 ,8530.617 ,7049.517 ,5608.456 ,4899.613 ,4255.690 ,3661.546 ,3091.846 ,2583.030 ,2143.080 ,1706.267 ,1252.829 ,829.077 ,455.002 ,182.534 ,45.717 ,4.977 ,0.157 ,0.001 ,37589.7045 ,43529.6595 ,2770.2910 ,40359.9955 ,0.863542351,0.063641458,0.927183809
8544,Estimates,Bangladesh,,50,BGD,BD,50,Country/Area,5501,1979,  15 556,  12 611,  10 336,  8 678,  7 277,  5 882,  4 934,  4 337,  3 728,  3 149,  2 626,  2 186,  1 750,  1 297,   861,   479,   193,   50,   6,   0,   0,,15556.045 ,12610.807 ,10336.117 ,8678.267 ,7276.545 ,5881.531 ,4934.117 ,4336.503 ,3728.374 ,3148.542 ,2625.771 ,2186.278 ,1749.871 ,1296.991 ,861.209 ,479.133 ,192.780 ,50.311 ,5.675 ,0.209 ,0.001 ,38502.9680 ,44545.7965 ,2886.3070 ,41389.2750 ,0.864345708,0.06479415,0.929139857
8545,Estimates,Bangladesh,,50,BGD,BD,50,Country/Area,5501,1980,  15 854,  13 063,  10 539,  8 802,  7 490,  6 162,  4 994,  4 426,  3 795,  3 203,  2 670,  2 227,  1 792,  1 339,   894,   502,   203,   54,   6,   0,   0,,15854.368 ,13062.571 ,10538.949 ,8801.573 ,7489.742 ,6161.826 ,4994.439 ,4426.270 ,3794.883 ,3203.093 ,2670.002 ,2227.356 ,1791.949 ,1339.214 ,893.798 ,501.962 ,203.265 ,54.480 ,6.436 ,0.258 ,0.001 ,39455.8880 ,45561.1315 ,2999.4120 ,42455.3000 ,0.865998861,0.065832693,0.931831555
8546,Estimates,Bangladesh,,50,BGD,BD,50,Country/Area,5501,1981,  16 159,  13 506,  10 836,  8 965,  7 702,  6 422,  5 108,  4 530,  3 871,  3 268,  2 724,  2 270,  1 833,  1 379,   927,   523,   214,   58,   7,   0,   0,,16159.026 ,13505.713 ,10835.827 ,8964.998 ,7701.642 ,6422.491 ,5108.237 ,4529.665 ,3871.362 ,3268.062 ,2723.948 ,2270.450 ,1832.914 ,1379.195 ,926.509 ,523.340 ,214.011 ,58.166 ,7.248 ,0.306 ,0.001 ,40500.5650 ,46693.7660 ,3108.7735 ,43609.3385 ,0.867365571,0.066577913,0.933943484
8547,Estimates,Bangladesh,,50,BGD,BD,50,Country/Area,5501,1982,  16 470,  13 886,  11 247,  9 191,  7 914,  6 677,  5 267,  4 645,  3 967,  3 353,  2 792,  2 317,  1 874,  1 417,   959,   543,   225,   61,   8,   0,   0,,16470.246 ,13886.050 ,11247.454 ,9191.236 ,7914.038 ,6676.743 ,5266.618 ,4645.325 ,3966.519 ,3352.795 ,2792.117 ,2317.354 ,1873.750 ,1416.768 ,959.419 ,543.169 ,225.109 ,61.354 ,8.094 ,0.352 ,0.002 ,41603.7495 ,47996.4930 ,3214.2640 ,44818.0135 ,0.866808112,0.066968726,0.933776839
8548,Estimates,Bangladesh,,50,BGD,BD,50,Country/Area,5501,1983,  16 755,  14 210,  11 687,  9 434,  8 116,  6 922,  5 487,  4 738,  4 074,  3 448,  2 866,  2 366,  1 915,  1 452,   992,   562,   236,   64,   9,   0,   0,,16755.417 ,14209.959 ,11686.623 ,9434.065 ,8116.280 ,6921.980 ,5487.267 ,4737.589 ,4074.105 ,3448.365 ,2866.326 ,2366.299 ,1914.613 ,1452.325 ,992.138 ,562.070 ,236.221 ,64.207 ,8.912 ,0.396 ,0.003 ,42651.9980 ,49366.8870 ,3316.2695 ,45968.2675 ,0.863979898,0.06717599,0.931155888
8549,Estimates,Bangladesh,,50,BGD,BD,50,Country/Area,5501,1984,  16 994,  14 528,  12 118,  9 682,  8 305,  7 154,  5 769,  4 798,  4 190,  3 547,  2 941,  2 418,  1 955,  1 486,  1 024,   581,   247,   67,   10,   0,   0,,16993.681 ,14528.037 ,12117.788 ,9682.311 ,8305.480 ,7154.230 ,5769.113 ,4797.781 ,4190.102 ,3546.991 ,2941.241 ,2418.116 ,1955.029 ,1486.499 ,1023.829 ,581.001 ,246.712 ,66.973 ,9.613 ,0.441 ,0.004 ,43639.5050 ,50760.3910 ,3415.0700 ,47054.5750 ,0.859715698,0.067278245,0.926993943
8550,Estimates,Bangladesh,,50,BGD,BD,50,Country/Area,5501,1985,  17 186,  14 845,  12 537,  9 936,  8 480,  7 377,  6 055,  4 881,  4 315,  3 648,  3 016,  2 473,  1 995,  1 519,  1 054,   600,   256,   70,   10,   0,   0,,17185.968 ,14844.755 ,12537.353 ,9935.740 ,8480.421 ,7377.210 ,6054.962 ,4880.924 ,4314.541 ,3648.049 ,3016.120 ,2472.794 ,1995.235 ,1519.220 ,1053.837 ,600.080 ,256.278 ,69.698 ,10.154 ,0.488 ,0.004 ,44568.0750 ,52175.9930 ,3509.7570 ,48077.8320 ,0.854187385,0.067267661,0.921455045
8551,Estimates,Bangladesh,,50,BGD,BD,50,Country/Area,5501,1986,  17 317,  15 166,  12 921,  10 199,  8 653,  7 595,  6 320,  5 009,  4 444,  3 751,  3 094,  2 530,  2 035,  1 551,  1 082,   619,   265,   72,   11,   1,   0,,17317.159 ,15165.683 ,12920.941 ,10199.429 ,8652.821 ,7595.497 ,6319.992 ,5008.933 ,4443.583 ,3751.356 ,3093.962 ,2530.335 ,2035.492 ,1550.953 ,1082.030 ,619.034 ,264.911 ,72.379 ,10.548 ,0.534 ,0.004 ,45403.7820 ,53631.3985 ,3600.3915 ,49004.1735 ,0.846589559,0.067132158,0.913721717
8552,Estimates,Bangladesh,,50,BGD,BD,50,Country/Area,5501,1987,  17 381,  15 491,  13 231,  10 506,  8 838,  7 808,  6 577,  5 171,  4 570,  3 856,  3 177,  2 591,  2 075,  1 582,  1 108,   638,   272,   75,   11,   1,   0,,17380.662 ,15490.925 ,13230.501 ,10505.541 ,8838.382 ,7807.520 ,6576.978 ,5171.194 ,4570.365 ,3856.446 ,3177.316 ,2591.361 ,2075.205 ,1582.355 ,1108.098 ,637.622 ,272.455 ,74.980 ,10.807 ,0.577 ,0.005 ,46102.0880 ,55170.3055 ,3686.8975 ,49788.9855 ,0.835632277,0.066827571,0.902459848
8553,Estimates,Bangladesh,,50,BGD,BD,50,Country/Area,5501,1988,  17 394,  15 794,  13 490,  10 843,  9 038,  8 008,  6 823,  5 391,  4 668,  3 965,  3 266,  2 655,  2 115,  1 613,  1 132,   655,   279,   77,   11,   1,   0,,17394.240 ,15794.355 ,13489.780 ,10842.686 ,9037.906 ,8008.050 ,6822.816 ,5390.692 ,4667.650 ,3965.478 ,3265.563 ,2654.531 ,2114.751 ,1612.892 ,1131.748 ,655.118 ,278.929 ,77.253 ,10.958 ,0.611 ,0.005 ,46678.3745 ,56770.1210 ,3767.5120 ,50445.8865 ,0.822234895,0.066364347,0.888599242
8554,Estimates,Bangladesh,,50,BGD,BD,50,Country/Area,5501,1989,  17 389,  16 057,  13 755,  11 183,  9 246,  8 194,  7 055,  5 669,  4 732,  4 082,  3 357,  2 718,  2 156,  1 642,  1 153,   671,   285,   79,   11,   1,   0,,17389.412 ,16056.771 ,13754.600 ,11182.544 ,9245.543 ,8194.396 ,7054.968 ,5669.350 ,4732.411 ,4082.107 ,3357.009 ,2717.777 ,2155.699 ,1641.905 ,1153.234 ,670.789 ,284.645 ,78.953 ,11.055 ,0.631 ,0.005 ,47200.7820 ,58391.8010 ,3841.2160 ,51041.9980 ,0.808346055,0.065783482,0.874129537
8555,Estimates,Bangladesh,,50,BGD,BD,50,Country/Area,5501,1990,  17 366,  16 280,  14 037,  11 529,  9 464,  8 366,  7 277,  5 951,  4 818,  4 206,  3 452,  2 781,  2 198,  1 670,  1 173,   684,   290,   80,   11,   1,   0,,17366.304 ,16280.034 ,14036.799 ,11528.892 ,9463.706 ,8365.610 ,7277.400 ,5951.479 ,4818.306 ,4206.342 ,3451.554 ,2780.889 ,2198.229 ,1669.747 ,1172.640 ,684.320 ,289.674 ,80.038 ,11.116 ,0.638 ,0.006 ,47683.1360 ,60042.4045 ,3908.1765 ,51591.3125 ,0.794157669,0.065090273,0.859247942
8556,Estimates,Bangladesh,,50,BGD,BD,50,Country/Area,5501,1991,  17 277,  16 434,  14 379,  11 892,  9 705,  8 529,  7 492,  6 209,  4 941,  4 330,  3 548,  2 846,  2 241,  1 695,  1 189,   695,   294,   80,   11,   1,   0,,17277.355 ,16434.245 ,14378.876 ,11891.554 ,9704.928 ,8529.020 ,7491.815 ,6209.061 ,4940.546 ,4330.254 ,3548.175 ,2845.978 ,2240.605 ,1694.991 ,1189.019 ,695.041 ,293.534 ,80.393 ,11.088 ,0.629 ,0.007 ,48090.4755 ,61731.9340 ,3964.6995 ,52055.1750 ,0.779021041,0.06422445,0.843245491
8557,Estimates,Bangladesh,,50,BGD,BD,50,Country/Area,5501,1992,  17 149,  16 525,  14 784,  12 253,  10 021,  8 707,  7 693,  6 446,  5 078,  4 438,  3 642,  2 914,  2 285,  1 719,  1 205,   704,   297,   80,   11,   1,   0,,17149.091 ,16524.837 ,14783.777 ,12252.982 ,10020.924 ,8706.947 ,7692.901 ,6446.447 ,5077.616 ,4438.160 ,3641.933 ,2914.454 ,2285.268 ,1719.246 ,1204.715 ,703.943 ,296.911 ,80.381 ,11.043 ,0.614 ,0.008 ,48457.7040 ,63477.6285 ,4016.8590 ,52474.5630 ,0.763382394,0.063279916,0.82666231
8558,Estimates,Bangladesh,,50,BGD,BD,50,Country/Area,5501,1993,  17 032,  16 584,  15 166,  12 604,  10 401,  8 910,  7 879,  6 666,  5 258,  4 506,  3 734,  2 986,  2 333,  1 745,  1 222,   712,   300,   80,   11,   1,   0,,17031.817 ,16584.144 ,15166.463 ,12604.147 ,10401.484 ,8909.768 ,7879.071 ,6665.586 ,5258.151 ,4506.008 ,3734.013 ,2986.394 ,2333.298 ,1745.435 ,1221.640 ,712.434 ,300.437 ,80.439 ,11.031 ,0.597 ,0.009 ,48782.4235 ,65277.9175 ,4072.0195 ,52854.4430 ,0.747303612,0.06237974,0.809683351
8559,Estimates,Bangladesh,,50,BGD,BD,50,Country/Area,5501,1994,  16 930,  16 624,  15 497,  12 983,  10 802,  9 128,  8 055,  6 877,  5 499,  4 542,  3 833,  3 062,  2 382,  1 774,  1 239,   721,   304,   81,   11,   1,   0,,16930.223 ,16624.255 ,15496.558 ,12983.002 ,10802.268 ,9128.433 ,8054.714 ,6876.579 ,5499.110 ,4541.550 ,3833.026 ,3062.454 ,2381.740 ,1773.892 ,1238.660 ,720.731 ,303.808 ,80.596 ,10.992 ,0.584 ,0.009 ,49051.0345 ,67162.8740 ,4129.2705 ,53180.3050 ,0.730329594,0.061481444,0.791811038
8560,Estimates,Bangladesh,,50,BGD,BD,50,Country/Area,5501,1995,  16 851,  16 644,  15 773,  13 391,  11 223,  9 366,  8 220,  7 083,  5 748,  4 598,  3 939,  3 143,  2 431,  1 805,  1 257,   730,   307,   81,   11,   1,   0,,16850.878 ,16643.578 ,15772.927 ,13391.153 ,11223.195 ,9365.924 ,8219.667 ,7083.104 ,5747.957 ,4597.976 ,3938.892 ,3142.614 ,2431.028 ,1805.387 ,1256.646 ,729.536 ,307.347 ,81.024 ,10.954 ,0.579 ,0.008 ,49267.3820 ,69141.5075 ,4191.4805 ,53458.8625 ,0.71255869,0.060621769,0.773180459
8561,Estimates,Bangladesh,,50,BGD,BD,50,Country/Area,5501,1996,  16 832,  16 620,  15 961,  13 814,  11 643,  9 633,  8 384,  7 285,  5 979,  4 694,  4 045,  3 225,  2 484,  1 841,  1 276,   740,   311,   82,   11,   1,   0,,16832.041 ,16620.267 ,15961.222 ,13814.342 ,11643.418 ,9632.720 ,8384.315 ,7285.488 ,5978.980 ,4693.836 ,4044.905 ,3225.130 ,2484.215 ,1840.510 ,1276.284 ,739.655 ,311.466 ,81.846 ,10.959 ,0.578 ,0.007 ,49413.5295 ,71187.3455 ,4261.3040 ,53674.8335 ,0.694133615,0.059860414,0.75399403
8562,Estimates,Bangladesh,,50,BGD,BD,50,Country/Area,5501,1997,  16 944,  16 557,  16 064,  14 235,  12 023,  9 963,  8 566,  7 482,  6 205,  4 820,  4 145,  3 309,  2 544,  1 880,  1 298,   752,   317,   83,   11,   1,   0,,16943.947 ,16556.762 ,16063.701 ,14235.205 ,12023.095 ,9962.711 ,8566.041 ,7481.865 ,6204.845 ,4820.170 ,4144.736 ,3309.486 ,2544.187 ,1880.068 ,1297.807 ,752.022 ,316.580 ,83.214 ,11.041 ,0.585 ,0.006 ,49564.4095 ,73292.3380 ,4341.3220 ,53905.7315 ,0.676256357,0.059232958,0.735489315
8563,Estimates,Bangladesh,,50,BGD,BD,50,Country/Area,5501,1998,  17 174,  16 479,  16 113,  14 614,  12 380,  10 345,  8 768,  7 668,  6 423,  5 000,  4 214,  3 398,  2 611,  1 924,  1 322,   767,   323,   85,   11,   1,   0,,17174.319 ,16479.018 ,16113.282 ,14614.380 ,12379.928 ,10345.414 ,8768.388 ,7667.820 ,6423.312 ,5000.116 ,4214.122 ,3397.760 ,2611.315 ,1923.600 ,1322.244 ,767.068 ,323.165 ,85.249 ,11.236 ,0.594 ,0.006 ,49766.6175 ,75422.5525 ,4433.1615 ,54199.7790 ,0.659837354,0.058777665,0.718615019
8564,Estimates,Bangladesh,,50,BGD,BD,50,Country/Area,5501,1999,  17 446,  16 413,  16 144,  14 929,  12 759,  10 751,  8 988,  7 842,  6 632,  5 237,  4 252,  3 493,  2 684,  1 970,  1 351,   785,   332,   88,   12,   1,   0,,17446.222 ,16412.637 ,16143.641 ,14929.164 ,12758.778 ,10750.638 ,8988.007 ,7841.983 ,6632.440 ,5237.415 ,4251.692 ,3493.184 ,2684.190 ,1970.228 ,1351.040 ,784.874 ,331.689 ,88.048 ,11.586 ,0.608 ,0.006 ,50002.4990 ,77567.4885 ,4538.0770 ,54540.5760 ,0.644632177,0.058504885,0.703137062
8565,Estimates,Bangladesh,,50,BGD,BD,50,Country/Area,5501,2000,  17 740,  16 363,  16 112,  15 151,  13 161,  11 183,  9 223,  7 996,  6 828,  5 474,  4 302,  3 591,  2 762,  2 020,  1 384,   806,   342,   92,   12,   1,   0,,17740.481 ,16363.286 ,16111.775 ,15150.572 ,13161.083 ,11182.808 ,9223.427 ,7996.089 ,6828.214 ,5474.337 ,4301.778 ,3591.321 ,2762.018 ,2020.137 ,1384.467 ,805.730 ,342.350 ,91.688 ,12.113 ,0.630 ,0.006 ,50215.5405 ,79671.6450 ,4657.1190 ,54872.6595 ,0.630281206,0.058453908,0.688735114
8566,Estimates,Bangladesh,,50,BGD,BD,50,Country/Area,5501,2001,  18 037,  16 368,  16 103,  15 284,  13 501,  11 537,  9 444,  8 127,  7 008,  5 691,  4 391,  3 691,  2 840,  2 073,  1 420,   828,   354,   95,   12,   0,   0,,18037.237 ,16367.925 ,16102.843 ,15284.472 ,13501.008 ,11537.286 ,9444.187 ,8127.081 ,7008.253 ,5690.509 ,4390.575 ,3690.752 ,2840.496 ,2072.564 ,1420.405 ,828.145 ,354.183 ,95.364 ,12.141 ,0.386 ,0.004 ,50508.0045 ,81514.6155 ,4783.1905 ,55291.1950 ,0.619618999,0.058678931,0.678297931
8567,Estimates,Bangladesh,,50,BGD,BD,50,Country/Area,5501,2002,  18 248,  16 494,  16 153,  15 376,  13 760,  11 756,  9 677,  8 254,  7 174,  5 902,  4 514,  3 789,  2 919,  2 129,  1 458,   851,   367,   99,   12,   0,   0,,18247.998 ,16493.975 ,16152.864 ,15376.178 ,13760.254 ,11755.942 ,9677.035 ,8253.784 ,7173.821 ,5902.199 ,4514.410 ,3788.953 ,2918.971 ,2128.918 ,1458.483 ,851.499 ,367.240 ,99.148 ,11.832 ,0.156 ,0.002 ,50894.8365 ,83121.5440 ,4917.2775 ,55812.1140 ,0.612294166,0.059157678,0.671451844
8568,Estimates,Bangladesh,,50,BGD,BD,50,Country/Area,5501,2003,  18 344,  16 732,  16 168,  15 449,  13 986,  11 927,  9 938,  8 388,  7 321,  6 102,  4 687,  3 859,  3 002,  2 191,  1 499,   877,   382,   104,   12,   0,   0,,18343.616 ,16732.373 ,16168.188 ,15449.050 ,13986.299 ,11927.443 ,9938.123 ,8387.692 ,7321.420 ,6101.881 ,4687.154 ,3859.013 ,3002.326 ,2191.188 ,1499.274 ,877.011 ,382.277 ,103.893 ,12.000 ,0.135 ,0.001 ,51244.1765 ,84660.3990 ,5065.7760 ,56309.9525 ,0.605290987,0.05983643,0.665127417
8569,Estimates,Bangladesh,,50,BGD,BD,50,Country/Area,5501,2004,  18 349,  17 009,  16 169,  15 530,  14 163,  12 101,  10 197,  8 524,  7 448,  6 287,  4 911,  3 898,  3 093,  2 257,  1 541,   905,   399,   110,   13,   0,0,,18348.845 ,17008.613 ,16169.214 ,15530.253 ,14163.382 ,12100.996 ,10196.696 ,8523.719 ,7448.483 ,6286.560 ,4911.106 ,3898.195 ,3092.515 ,2257.267 ,1541.272 ,904.831 ,398.777 ,109.508 ,12.504 ,0.125 ,0.000 ,51526.6710 ,86151.9030 ,5224.2815 ,56750.9525 ,0.598090921,0.060640349,0.65873127
8570,Estimates,Bangladesh,,50,BGD,BD,50,Country/Area,5501,2005,  18 255,  17 303,  16 162,  15 615,  14 298,  12 282,  10 451,  8 664,  7 555,  6 459,  5 137,  3 954,  3 189,  2 326,  1 584,   935,   417,   116,   13,   0,0,,18255.229 ,17303.125 ,16161.789 ,15614.958 ,14298.435 ,12282.084 ,10451.209 ,8663.931 ,7554.544 ,6459.143 ,5137.462 ,3954.147 ,3189.183 ,2325.888 ,1584.140 ,934.641 ,416.556 ,115.912 ,13.272 ,0.143 ,0.000 ,51720.1425 ,87605.0935 ,5390.5500 ,57110.6925 ,0.590378258,0.061532381,0.651910639
8571,Estimates,Bangladesh,,50,BGD,BD,50,Country/Area,5501,2006,  18 066,  17 605,  16 181,  15 681,  14 383,  12 474,  10 680,  8 816,  7 652,  6 623,  5 345,  4 046,  3 288,  2 397,  1 630,   966,   436,   123,   14,   0,   0,,18066.201 ,17604.949 ,16181.214 ,15681.488 ,14382.993 ,12474.298 ,10680.140 ,8815.695 ,7651.646 ,6622.787 ,5344.798 ,4045.635 ,3288.109 ,2396.973 ,1629.602 ,966.291 ,435.546 ,123.155 ,14.303 ,0.156 ,0.001 ,51852.3625 ,88987.5870 ,5566.0240 ,57418.3865 ,0.582692084,0.062548319,0.645240403
8572,Estimates,Bangladesh,,50,BGD,BD,50,Country/Area,5501,2007,  17 818,  17 827,  16 306,  15 713,  14 423,  12 670,  10 847,  9 011,  7 756,  6 775,  5 544,  4 163,  3 382,  2 471,  1 679,  1 000,   456,   131,   16,   0,   0,,17817.542 ,17827.415 ,16305.753 ,15712.890 ,14423.392 ,12670.405 ,10847.138 ,9011.028 ,7755.934 ,6775.166 ,5544.068 ,4163.295 ,3382.341 ,2470.678 ,1679.432 ,999.925 ,455.681 ,131.396 ,15.626 ,0.177 ,0.002 ,51950.7090 ,90285.6545 ,5752.9145 ,57703.6235 ,0.575403803,0.063719032,0.639122835
8573,Estimates,Bangladesh,,50,BGD,BD,50,Country/Area,5501,2008,  17 529,  17 935,  16 542,  15 713,  14 453,  12 842,  10 974,  9 239,  7 870,  6 912,  5 733,  4 327,  3 450,  2 549,  1 734,  1 035,   477,   141,   17,   0,   0,,17529.333 ,17935.419 ,16542.244 ,15713.043 ,14452.952 ,12842.286 ,10974.495 ,9239.328 ,7870.287 ,6911.710 ,5732.736 ,4326.806 ,3449.896 ,2548.572 ,1733.953 ,1035.419 ,477.433 ,140.832 ,17.320 ,0.204 ,0.001 ,52006.9950 ,91513.5360 ,5953.7325 ,57960.7275 ,0.568298388,0.06505849,0.633356878
8574,Estimates,Bangladesh,,50,BGD,BD,50,Country/Area,5501,2009,  17 202,  17 954,  16 817,  15 704,  14 502,  12 978,  11 114,  9 472,  7 991,  7 031,  5 909,  4 539,  3 489,  2 633,  1 792,  1 073,   502,   152,   20,   0,   0,,17201.621 ,17954.132 ,16817.357 ,15704.076 ,14502.391 ,12978.361 ,11114.141 ,9472.416 ,7991.158 ,7030.807 ,5908.554 ,4538.658 ,3488.853 ,2633.005 ,1792.409 ,1072.711 ,501.597 ,151.704 ,19.516 ,0.250 ,0.002 ,51973.1085 ,92729.4120 ,6171.1935 ,58144.3020 ,0.560481377,0.066550551,0.627031928
8575,Estimates,Bangladesh,,50,BGD,BD,50,Country/Area,5501,2010,  16 839,  17 875,  17 112,  15 694,  14 571,  13 090,  11 275,  9 711,  8 122,  7 133,  6 075,  4 754,  3 544,  2 724,  1 855,  1 112,   529,   164,   22,   0,   0,,16838.501 ,17875.118 ,17111.787 ,15693.528 ,14571.167 ,13090.376 ,11275.395 ,9711.434 ,8122.325 ,7133.016 ,6075.000 ,4753.677 ,3544.090 ,2724.173 ,1854.524 ,1112.329 ,528.527 ,164.320 ,22.355 ,0.339 ,0.003 ,51825.4060 ,93970.0065 ,6406.5690 ,58231.9750 ,0.551510082,0.068176743,0.619686825
8576,Estimates,Bangladesh,,50,BGD,BD,50,Country/Area,5501,2011,  16 459,  17 704,  17 417,  15 727,  14 658,  13 191,  11 478,  9 946,  8 278,  7 235,  6 238,  4 954,  3 635,  2 822,  1 924,  1 158,   560,   180,   27,   1,   0,,16458.613 ,17703.735 ,17416.902 ,15727.415 ,14658.484 ,13190.791 ,11477.712 ,9946.010 ,8278.324 ,7234.826 ,6238.172 ,4953.936 ,3634.510 ,2822.255 ,1923.793 ,1158.063 ,559.938 ,180.088 ,26.894 ,0.615 ,0.003 ,51579.2495 ,95340.1775 ,6671.6485 ,58250.8980 ,0.541002239,0.069977303,0.610979542
8577,Estimates,Bangladesh,,50,BGD,BD,50,Country/Area,5501,2012,  16 092,  17 477,  17 646,  15 878,  14 742,  13 283,  11 712,  10 139,  8 491,  7 352,  6 396,  5 150,  3 751,  2 921,  2 001,  1 211,   596,   199,   33,   1,   0,,16091.563 ,17476.647 ,17646.021 ,15878.460 ,14742.002 ,13282.936 ,11712.476 ,10139.492 ,8490.510 ,7351.876 ,6395.718 ,5149.869 ,3751.352 ,2920.685 ,2000.650 ,1211.210 ,595.668 ,198.784 ,33.059 ,1.125 ,0.004 ,51214.2295 ,96894.6885 ,6961.1835 ,58175.4130 ,0.528555593,0.071842777,0.60039837
8578,Estimates,Bangladesh,,50,BGD,BD,50,Country/Area,5501,2013,  15 782,  17 211,  17 761,  16 134,  14 793,  13 371,  11 931,  10 300,  8 739,  7 481,  6 539,  5 337,  3 911,  2 996,  2 083,  1 269,   634,   219,   40,   2,   0,,15781.819 ,17211.136 ,17760.558 ,16134.311 ,14793.407 ,13370.891 ,11930.748 ,10299.844 ,8739.216 ,7480.901 ,6539.255 ,5336.803 ,3910.758 ,2995.661 ,2083.204 ,1269.389 ,633.554 ,219.038 ,39.770 ,1.876 ,0.005 ,50753.5115 ,98536.1325 ,7242.4965 ,57996.0080 ,0.515075132,0.073500921,0.588576054
8579,Estimates,Bangladesh,,50,BGD,BD,50,Country/Area,5501,2014,  15 552,  16 906,  17 785,  16 420,  14 825,  13 475,  12 113,  10 473,  8 993,  7 616,  6 666,  5 512,  4 115,  3 045,  2 173,  1 331,   673,   241,   47,   3,   0,,15551.732 ,16905.665 ,17785.415 ,16419.531 ,14825.498 ,13475.072 ,12113.191 ,10473.079 ,8993.139 ,7616.085 ,6665.819 ,5512.167 ,4114.830 ,3045.448 ,2172.938 ,1331.361 ,673.052 ,240.927 ,47.117 ,2.859 ,0.008 ,50242.8105 ,100208.4095 ,7513.7085 ,57756.5190 ,0.501383175,0.074980818,0.576363993
8580,Estimates,Bangladesh,,50,BGD,BD,50,Country/Area,5501,2015,  15 422,  16 564,  17 713,  16 717,  14 843,  13 589,  12 266,  10 665,  9 251,  7 760,  6 775,  5 679,  4 323,  3 110,  2 270,  1 396,   714,   264,   55,   4,   0,,15421.928 ,16564.283 ,17713.196 ,16717.189 ,14843.110 ,13589.394 ,12266.483 ,10664.931 ,9251.273 ,7759.762 ,6775.279 ,5679.262 ,4323.172 ,3110.364 ,2269.637 ,1396.400 ,714.003 ,264.271 ,55.181 ,4.046 ,0.021 ,49699.4060 ,101869.8510 ,7813.9220 ,57513.3280 ,0.487871588,0.076704952,0.56457654
8581,Estimates,Bangladesh,,50,BGD,BD,50,Country/Area,5501,2016,  15 406,  16 201,  17 548,  17 019,  14 881,  13 691,  12 381,  10 879,  9 493,  7 919,  6 879,  5 841,  4 518,  3 207,  2 370,  1 465,   757,   289,   64,   5,   0,,15405.506 ,16200.709 ,17547.642 ,17019.109 ,14881.043 ,13690.695 ,12381.338 ,10878.531 ,9492.615 ,7919.265 ,6879.272 ,5841.184 ,4518.264 ,3206.760 ,2369.608 ,1464.779 ,757.252 ,288.900 ,63.982 ,5.433 ,0.053 ,49153.8555 ,103501.3125 ,8156.7645 ,57310.6200 ,0.474910456,0.078808319,0.553718775
8582,Estimates,Bangladesh,,50,BGD,BD,50,Country/Area,5501,2017,  15 490,  15 947,  17 343,  17 153,  15 095,  13 732,  12 567,  11 092,  9 607,  8 075,  6 942,  5 937,  4 678,  3 326,  2 467,  1 537,   804,   315,   73,   7,   0,,15490.274 ,15946.582 ,17342.755 ,17152.929 ,15095.480 ,13732.141 ,12567.038 ,11091.552 ,9606.697 ,8075.150 ,6941.660 ,5936.721 ,4677.981 ,3325.996 ,2467.075 ,1536.973 ,803.762 ,314.732 ,73.498 ,7.048 ,0.108 ,48779.6095 ,104877.3475 ,8529.1895 ,57308.7990 ,0.465111015,0.081325374,0.546436388
8583,Estimates,Bangladesh,,50,BGD,BD,50,Country/Area,5501,2018,  15 621,  15 849,  17 169,  17 098,  15 443,  13 750,  12 798,  11 341,  9 617,  8 202,  6 968,  5 957,  4 784,  3 478,  2 545,  1 614,   854,   342,   84,   9,   0,,15621.227 ,15848.939 ,17169.026 ,17098.253 ,15442.894 ,13750.287 ,12797.981 ,11341.342 ,9617.451 ,8201.893 ,6967.916 ,5956.728 ,4783.843 ,3478.463 ,2544.810 ,1613.934 ,853.594 ,341.657 ,83.764 ,8.914 ,0.193 ,48639.1920 ,105958.5850 ,8925.3265 ,57564.5185 ,0.459039652,0.084234104,0.543273756
8584,Estimates,Bangladesh,,50,BGD,BD,50,Country/Area,5501,2019,  15 758,  15 807,  17 045,  17 025,  15 697,  13 867,  12 898,  11 698,  9 658,  8 301,  7 009,  5 960,  4 853,  3 658,  2 601,  1 697,   906,   370,   95,   11,   0,,15758.021 ,15807.205 ,17044.814 ,17024.611 ,15696.530 ,13866.519 ,12897.781 ,11697.606 ,9658.369 ,8301.022 ,7009.350 ,5959.811 ,4853.121 ,3658.059 ,2601.060 ,1696.943 ,906.242 ,369.730 ,94.899 ,11.057 ,0.311 ,48610.0390 ,106964.7180 ,9338.2980 ,57948.3370 ,0.454449279,0.0873026,0.541751879
8585,Estimates,Bangladesh,,50,BGD,BD,50,Country/Area,5501,2020,  15 914,  15 794,  16 949,  17 001,  15 798,  14 129,  12 831,  12 144,  9 754,  8 370,  7 066,  5 957,  4 888,  3 807,  2 657,  1 772,   952,   395,   106,   14,   0,,15913.687 ,15793.623 ,16948.923 ,17001.041 ,15798.488 ,14129.280 ,12831.152 ,12143.577 ,9754.238 ,8369.521 ,7065.664 ,5956.624 ,4888.494 ,3807.313 ,2656.827 ,1772.386 ,951.911 ,394.912 ,106.267 ,13.620 ,0.481 ,48656.2320 ,107938.0765 ,9703.7155 ,58359.9475 ,0.450779128,0.089900764,0.540679892
8586,Estimates,Bangladesh,,50,BGD,BD,50,Country/Area,5501,2021,  16 088,  15 785,  16 873,  17 057,  15 769,  14 508,  12 652,  12 589,  9 944,  8 398,  7 132,  5 958,  4 891,  3 905,  2 727,  1 838,   992,   418,   118,   17,   1,,16087.523 ,15785.484 ,16872.969 ,17056.941 ,15768.555 ,14508.224 ,12651.850 ,12588.921 ,9943.502 ,8398.087 ,7132.285 ,5958.150 ,4890.740 ,3905.442 ,2727.189 ,1838.257 ,991.582 ,417.923 ,117.843 ,16.671 ,0.724 ,48745.9750 ,108897.2525 ,10015.6270 ,58761.6020 ,0.447632735,0.091973184,0.539605919
8587,Estimates,Bangladesh,,50,BGD,BD,50,Country/Area,5501,2022,  16 291,  15 732,  16 709,  17 136,  15 768,  14 851,  12 592,  12 835,  10 321,  8 499,  7 261,  6 043,  4 953,  3 998,  2 831,  1 917,  1 046,   449,   131,   20,   1,,16290.934 ,15731.966 ,16709.289 ,17136.307 ,15767.603 ,14851.325 ,12592.453 ,12834.804 ,10321.258 ,8499.486 ,7261.302 ,6043.424 ,4952.720 ,3998.048 ,2830.641 ,1917.250 ,1045.673 ,448.540 ,131.179 ,19.747 ,0.955 ,48732.1875 ,110260.6795 ,10392.0305 ,59124.2180 ,0.441972494,0.09424965,0.536222144
8588,Estimates,Bangladesh,,50,BGD,BD,50,Country/Area,5501,2023,  16 505,  15 676,  16 448,  17 146,  15 895,  15 043,  12 785,  12 811,  10 862,  8 704,  7 450,  6 211,  5 093,  4 100,  2 973,  1 994,  1 114,   486,   146,   23,   1,,16505.069 ,15676.156 ,16448.326 ,17145.642 ,15895.431 ,15043.487 ,12785.315 ,12810.518 ,10861.706 ,8704.019 ,7449.970 ,6211.165 ,5092.536 ,4100.068 ,2973.041 ,1994.097 ,1114.019 ,486.462 ,146.056 ,22.759 ,1.155 ,48629.5510 ,111999.7855 ,10837.6535 ,59467.2045 ,0.434193251,0.096764949,0.5309582
