,,,,,,,,,,,"Total population by five-year age group, both sexes combined (thousands)",,,,,,,,,,,,,,,,,,,,,,CORRECTED (WITHOUT GAP),,,,,,,,,,,,,,,,,,,,,,,,,,,,,,,
Index,Variant,"Region, subregion, country or area *",Notes,Location code,ISO3 Alpha-code,ISO2 Alpha-code,SDMX code**,Type,Parent code,Year,0-4,5-9,10-14,15-19,20-24,25-29,30-34,35-39,40-44,45-49,50-54,55-59,60-64,65-69,70-74,75-79,80-84,85-89,90-94,95-99,100+,,0-4,5-9,10-14,15-19,20-24,25-29,30-34,35-39,40-44,45-49,50-54,55-59,60-64,65-69,70-74,75-79,80-84,85-89,90-94,95-99,100+,NO OF CHILDREN(<15 YRS),(15-64 YRS),NO OF ADULT(>65 YRS),CHILD + ADULT,TOTAL,CHILD+ADULT Diff,CHILD+ADULT GR,WP Diff,WP GR,Total Diff,Total GR
8515,Estimates,Bangladesh,,50,BGD,BD,50,Country/Area,5501,1950,  6 747,  5 444,  4 768,  4 171,  3 595,  3 120,  2 679,  2 299,  1 947,  1 653,  1 334,  1 062,   783,   631,   524,   321,   105,   20,   2,   0,   0,,6746.815 ,5444.461 ,4767.984 ,4171.330 ,3595.163 ,3120.384 ,2679.170 ,2299.212 ,1947.389 ,1652.714 ,1334.405 ,1061.854 ,782.814 ,630.533 ,523.882 ,321.436 ,105.364 ,19.991 ,1.869 ,0.087 ,0.002 ,16959.2595 ,22644.4335 ,1603.1630 ,18562.4225 ,41206.856 ,,,,,,
8516,Estimates,Bangladesh,,50,BGD,BD,50,Country/Area,5501,1951,  6 843,  5 567,  4 866,  4 267,  3 682,  3 193,  2 744,  2 355,  1 996,  1 693,  1 372,  1 090,   796,   614,   503,   312,   108,   20,   1,   0,   0,,6842.665 ,5567.095 ,4865.589 ,4266.914 ,3682.407 ,3193.466 ,2743.635 ,2355.086 ,1995.819 ,1693.128 ,1372.212 ,1090.019 ,795.891 ,614.291 ,502.519 ,312.356 ,107.993 ,19.643 ,1.495 ,0.079 ,0.007 ,17275.3480 ,23188.5750 ,1558.3805 ,18833.7285 ,42022.304 ,271.3060 ,0.658400146,544.1415 ,2.402981289,815.448 ,1.978912198
8517,Estimates,Bangladesh,,50,BGD,BD,50,Country/Area,5501,1952,  6 976,  5 684,  4 963,  4 365,  3 774,  3 265,  2 811,  2 410,  2 048,  1 731,  1 414,  1 117,   817,   603,   481,   304,   111,   19,   1,   0,   0,,6976.271 ,5683.904 ,4962.858 ,4364.566 ,3774.149 ,3265.214 ,2810.684 ,2410.118 ,2047.610 ,1731.049 ,1413.703 ,1116.565 ,817.051 ,602.929 ,480.806 ,304.176 ,111.079 ,18.848 ,1.352 ,0.079 ,0.007 ,17623.0320 ,23750.7060 ,1519.2730 ,19142.3050 ,42893.011 ,308.5765 ,0.734316004,562.1310 ,2.424172249,870.707 ,2.072012782
8518,Estimates,Bangladesh,,50,BGD,BD,50,Country/Area,5501,1953,  7 175,  5 762,  5 063,  4 460,  3 864,  3 332,  2 876,  2 463,  2 100,  1 767,  1 456,  1 143,   843,   597,   460,   296,   113,   18,   1,   0,   0,,7175.333 ,5761.629 ,5062.921 ,4460.492 ,3863.959 ,3332.457 ,2876.086 ,2462.803 ,2100.059 ,1767.143 ,1456.346 ,1142.526 ,843.121 ,596.789 ,460.385 ,296.451 ,113.154 ,18.415 ,1.282 ,0.043 ,0.002 ,17999.8825 ,24304.9895 ,1486.5195 ,19486.4020 ,43791.392 ,344.0970 ,0.802221602,554.2835 ,2.333755889,898.380 ,2.094468257
8519,Estimates,Bangladesh,,50,BGD,BD,50,Country/Area,5501,1954,  7 449,  5 798,  5 172,  4 555,  3 952,  3 401,  2 940,  2 516,  2 152,  1 805,  1 498,  1 171,   870,   597,   444,   288,   113,   19,   1,   0,0,,7448.658 ,5797.918 ,5171.561 ,4554.927 ,3951.715 ,3400.950 ,2940.315 ,2516.172 ,2152.001 ,1805.277 ,1497.603 ,1171.233 ,870.204 ,596.964 ,443.851 ,288.333 ,113.438 ,18.898 ,1.271 ,0.013 ,0.000 ,18418.1365 ,24860.3935 ,1462.7655 ,19880.9020 ,44741.296 ,394.5000 ,0.900861988,555.4040 ,2.285143962,949.904 ,2.169156922
8520,Estimates,Bangladesh,,50,BGD,BD,50,Country/Area,5501,1955,  7 737,  5 858,  5 290,  4 651,  4 040,  3 475,  3 006,  2 573,  2 204,  1 847,  1 537,  1 204,   897,   604,   432,   280,   112,   20,   1,   0,0,,7736.501 ,5858.019 ,5289.573 ,4650.714 ,4040.160 ,3475.392 ,3006.026 ,2572.683 ,2204.002 ,1847.327 ,1537.331 ,1203.760 ,896.896 ,603.612 ,432.123 ,279.842 ,112.396 ,19.995 ,1.329 ,0.008 ,0.000 ,18884.0915 ,25434.2895 ,1449.3030 ,20333.3945 ,45767.684 ,452.4925 ,1.011353147,573.8960 ,2.308475125,1026.389 ,2.294051812
8521,Estimates,Bangladesh,,50,BGD,BD,50,Country/Area,5501,1956,  8 013,  5 965,  5 411,  4 747,  4 130,  3 554,  3 072,  2 632,  2 256,  1 892,  1 575,  1 239,   923,   617,   424,   271,   111,   21,   1,   0,0,,8013.175 ,5965.274 ,5410.900 ,4746.786 ,4129.934 ,3554.372 ,3071.754 ,2631.550 ,2255.508 ,1892.405 ,1575.236 ,1239.420 ,922.940 ,616.534 ,423.896 ,271.043 ,111.109 ,21.215 ,1.362 ,0.008 ,0.000 ,19389.3490 ,26019.9025 ,1445.1655 ,20834.5145 ,46854.417 ,501.1200 ,1.094921036,585.6130 ,2.302454724,1086.733 ,2.374454866
8522,Estimates,Bangladesh,,50,BGD,BD,50,Country/Area,5501,1957,  8 301,  6 107,  5 527,  4 843,  4 223,  3 638,  3 137,  2 693,  2 306,  1 941,  1 611,  1 279,   948,   636,   419,   262,   110,   22,   1,   0,0,,8300.886 ,6107.499 ,5527.045 ,4842.998 ,4222.626 ,3638.387 ,3136.596 ,2693.219 ,2306.412 ,1940.834 ,1610.996 ,1278.588 ,947.861 ,635.812 ,418.873 ,262.053 ,110.214 ,22.412 ,1.354 ,0.009 ,0.000 ,19935.4300 ,26618.5150 ,1450.7240 ,21386.1540 ,48004.669 ,551.6395 ,1.177347912,598.6125 ,2.300594708,1150.252 ,2.454948911
8523,Estimates,Bangladesh,,50,BGD,BD,50,Country/Area,5501,1958,  8 598,  6 313,  5 606,  4 939,  4 310,  3 719,  3 197,  2 754,  2 355,  1 990,  1 645,  1 319,   973,   659,   417,   254,   109,   23,   1,   0,0,,8598.331 ,6313.328 ,5605.798 ,4939.196 ,4310.481 ,3719.445 ,3197.140 ,2753.689 ,2355.411 ,1990.162 ,1645.316 ,1319.024 ,972.572 ,659.023 ,417.407 ,253.722 ,109.350 ,23.312 ,1.339 ,0.010 ,0.000 ,20517.4565 ,27202.4355 ,1464.1615 ,21981.6180 ,49184.054 ,595.4640 ,1.240429342,583.9205 ,2.193662945,1179.385 ,2.456812066
8524,Estimates,Bangladesh,,50,BGD,BD,50,Country/Area,5501,1959,  8 906,  6 590,  5 645,  5 046,  4 401,  3 803,  3 263,  2 816,  2 407,  2 040,  1 682,  1 359,  1 000,   683,   420,   247,   108,   24,   1,   0,0,,8906.271 ,6590.143 ,5645.012 ,5046.341 ,4401.151 ,3803.046 ,3262.550 ,2815.561 ,2406.649 ,2039.962 ,1682.134 ,1358.558 ,999.911 ,683.130 ,420.410 ,247.418 ,108.133 ,23.910 ,1.471 ,0.008 ,0.000 ,21141.4255 ,27815.8595 ,1484.4770 ,22625.9025 ,50441.762 ,644.2845 ,1.309945916,613.4240 ,2.255033377,1257.709 ,2.557146901
8525,Estimates,Bangladesh,,50,BGD,BD,50,Country/Area,5501,1960,  9 229,  6 880,  5 707,  5 169,  4 504,  3 897,  3 340,  2 883,  2 464,  2 091,  1 724,  1 397,  1 031,   707,   428,   244,   107,   24,   2,   0,   0,,9229.318 ,6879.850 ,5707.382 ,5169.321 ,4504.086 ,3896.769 ,3340.349 ,2883.178 ,2463.568 ,2091.422 ,1723.572 ,1397.275 ,1030.896 ,707.130 ,428.104 ,243.667 ,106.631 ,24.356 ,1.766 ,0.023 ,0.002 ,21816.5495 ,28500.4330 ,1511.6780 ,23328.2275 ,51828.661 ,702.3250 ,1.392348269,684.5735 ,2.461090588,1386.898 ,2.749504468
8526,Estimates,Bangladesh,,50,BGD,BD,50,Country/Area,5501,1961,  9 570,  7 160,  5 815,  5 297,  4 611,  3 996,  3 426,  2 953,  2 524,  2 143,  1 769,  1 435,  1 065,   731,   440,   242,   105,   25,   2,   0,   0,,9570.148 ,7159.649 ,5815.401 ,5297.001 ,4611.430 ,3996.174 ,3425.971 ,2953.223 ,2524.364 ,2143.486 ,1768.580 ,1434.887 ,1065.005 ,730.960 ,440.424 ,241.763 ,104.956 ,24.796 ,2.072 ,0.058 ,0.008 ,22545.1970 ,29220.1170 ,1545.0335 ,24090.2305 ,53310.348 ,762.0030 ,1.470234794,719.6840 ,2.525168653,1481.687 ,2.858817854
8527,Estimates,Bangladesh,,50,BGD,BD,50,Country/Area,5501,1962,  9 927,  7 451,  5 958,  5 419,  4 721,  4 101,  3 519,  3 024,  2 589,  2 196,  1 817,  1 471,  1 103,   754,   457,   242,   103,   25,   2,   0,   0,,9927.350 ,7450.763 ,5958.177 ,5419.328 ,4720.547 ,4101.171 ,3518.961 ,3024.254 ,2589.153 ,2195.881 ,1817.375 ,1471.110 ,1102.594 ,754.322 ,457.489 ,241.600 ,103.258 ,25.367 ,2.353 ,0.087 ,0.012 ,23336.2890 ,29960.3715 ,1584.4855 ,24920.7745 ,54881.146 ,830.5440 ,1.557941448,740.2545 ,2.533372813,1570.799 ,2.94651709
8528,Estimates,Bangladesh,,50,BGD,BD,50,Country/Area,5501,1963,  10 281,  7 751,  6 164,  5 504,  4 832,  4 209,  3 616,  3 096,  2 656,  2 249,  1 868,  1 507,  1 142,   778,   477,   243,   102,   26,   3,   0,   0,,10281.267 ,7750.980 ,6163.774 ,5503.871 ,4832.439 ,4208.633 ,3616.239 ,3096.407 ,2656.269 ,2248.609 ,1868.284 ,1506.809 ,1141.703 ,777.816 ,477.443 ,243.442 ,101.795 ,25.920 ,2.587 ,0.106 ,0.014 ,24196.0205 ,30679.2600 ,1629.1215 ,25825.1420 ,56504.402 ,904.3675 ,1.647865553,718.8885 ,2.399464573,1623.256 ,2.957766224
8529,Estimates,Bangladesh,,50,BGD,BD,50,Country/Area,5501,1964,  10 624,  8 060,  6 439,  5 548,  4 952,  4 316,  3 715,  3 173,  2 724,  2 303,  1 920,  1 545,  1 180,   804,   498,   248,   101,   26,   3,   0,   0,,10623.878 ,8059.957 ,6439.290 ,5547.879 ,4951.758 ,4316.427 ,3714.683 ,3172.593 ,2724.379 ,2303.275 ,1919.536 ,1544.796 ,1180.070 ,803.533 ,498.063 ,247.957 ,101.064 ,26.320 ,2.782 ,0.125 ,0.014 ,25123.1240 ,31375.3935 ,1679.8560 ,26802.9800 ,58178.374 ,977.8380 ,1.730551896,696.1335 ,2.269068745,1673.972 ,2.962550599
8530,Estimates,Bangladesh,,50,BGD,BD,50,Country/Area,5501,1965,  10 944,  8 380,  6 726,  5 613,  5 080,  4 426,  3 814,  3 254,  2 794,  2 361,  1 971,  1 586,  1 217,   832,   518,   255,   101,   27,   3,   0,   0,,10943.872 ,8379.744 ,6726.269 ,5613.377 ,5080.364 ,4426.441 ,3814.170 ,3254.366 ,2793.709 ,2360.528 ,1970.503 ,1585.836 ,1217.007 ,831.777 ,518.360 ,255.221 ,101.244 ,26.588 ,2.968 ,0.161 ,0.018 ,26049.8840 ,32116.3000 ,1736.3350 ,27786.2190 ,59902.519 ,983.2390 ,1.690042091,740.9065 ,2.361425363,1724.145 ,2.963550537
8531,Estimates,Bangladesh,,50,BGD,BD,50,Country/Area,5501,1966,  11 246,  8 715,  7 003,  5 722,  5 209,  4 535,  3 914,  3 340,  2 863,  2 420,  2 021,  1 630,  1 253,   862,   539,   265,   102,   27,   3,   0,   0,,11245.890 ,8714.907 ,7003.350 ,5721.787 ,5208.733 ,4534.916 ,3914.379 ,3340.363 ,2863.217 ,2420.117 ,2021.206 ,1629.661 ,1252.792 ,862.494 ,538.533 ,265.240 ,102.102 ,26.795 ,3.139 ,0.171 ,0.017 ,26964.1460 ,32907.1690 ,1798.4905 ,28762.6365 ,61669.806 ,976.4175 ,1.630010751,790.8690 ,2.462515919,1767.287 ,2.950270756
8532,Estimates,Bangladesh,,50,BGD,BD,50,Country/Area,5501,1967,  11 551,  9 064,  7 292,  5 863,  5 329,  4 642,  4 018,  3 432,  2 933,  2 483,  2 072,  1 677,  1 288,   896,   559,   278,   104,   27,   3,   0,   0,,11550.743 ,9064.094 ,7291.916 ,5863.255 ,5328.937 ,4641.839 ,4017.563 ,3431.951 ,2932.868 ,2483.177 ,2072.178 ,1677.082 ,1287.723 ,896.399 ,558.708 ,278.216 ,103.725 ,27.048 ,3.327 ,0.171 ,0.015 ,27906.7520 ,33736.5695 ,1867.6070 ,29774.3590 ,63510.929 ,1011.7225 ,1.640547577,829.4005 ,2.520424957,1841.123 ,2.985452905
8533,Estimates,Bangladesh,,50,BGD,BD,50,Country/Area,5501,1968,  11 860,  9 412,  7 591,  6 067,  5 411,  4 751,  4 123,  3 527,  3 004,  2 549,  2 124,  1 727,  1 323,   932,   579,   293,   106,   27,   4,   0,   0,,11859.964 ,9411.731 ,7590.757 ,6066.656 ,5411.425 ,4750.639 ,4122.550 ,3527.366 ,3003.578 ,2548.610 ,2123.705 ,1726.677 ,1322.609 ,931.961 ,579.425 ,293.165 ,106.332 ,27.421 ,3.524 ,0.174 ,0.011 ,28862.4520 ,34603.8130 ,1942.0110 ,30804.4630 ,65408.276 ,1030.1040 ,1.621931885,867.2435 ,2.57063333,1897.348 ,2.987434674
8534,Estimates,Bangladesh,,50,BGD,BD,50,Country/Area,5501,1969,  12 178,  9 746,  7 897,  6 331,  5 440,  4 853,  4 217,  3 617,  3 074,  2 612,  2 175,  1 776,  1 359,   967,   602,   309,   110,   28,   4,   0,   0,,12177.826 ,9746.113 ,7896.840 ,6331.218 ,5440.061 ,4852.837 ,4217.418 ,3616.828 ,3073.736 ,2612.258 ,2175.414 ,1775.558 ,1359.048 ,966.795 ,601.886 ,308.543 ,110.151 ,27.892 ,3.590 ,0.121 ,0.004 ,29820.7780 ,35454.3745 ,2018.9800 ,31839.7580 ,67294.133 ,1035.2950 ,1.582819581,850.5615 ,2.457999354,1885.856 ,2.883207776
8535,Estimates,Bangladesh,,50,BGD,BD,50,Country/Area,5501,1970,  12 454,  10 030,  8 201,  6 600,  5 479,  4 951,  4 303,  3 698,  3 142,  2 671,  2 225,  1 820,  1 395,   998,   624,   323,   115,   28,   4,   0,   0,,12453.759 ,10029.699 ,8201.054 ,6599.742 ,5479.156 ,4951.157 ,4302.549 ,3697.580 ,3141.778 ,2671.180 ,2224.736 ,1819.892 ,1394.685 ,997.743 ,624.383 ,323.057 ,114.782 ,28.326 ,3.563 ,0.076 ,0.001 ,30684.5120 ,36282.4535 ,2091.9290 ,32776.4410 ,69058.895 ,936.6830 ,1.391923731,828.0790 ,2.335618698,1764.762 ,2.622460435
8536,Estimates,Bangladesh,,50,BGD,BD,50,Country/Area,5501,1971,  12 560,  10 239,  8 499,  6 841,  5 530,  5 017,  4 359,  3 751,  3 187,  2 703,  2 249,  1 836,  1 405,  1 002,   627,   328,   115,   26,   3,   0,   0,,12559.863 ,10239.351 ,8499.139 ,6840.591 ,5530.491 ,5016.915 ,4358.919 ,3751.386 ,3186.886 ,2702.564 ,2249.064 ,1835.880 ,1405.229 ,1001.562 ,627.273 ,327.766 ,114.620 ,25.998 ,3.031 ,0.206 ,0.031 ,31298.3525 ,36877.9210 ,2100.4850 ,33398.8375 ,70276.759 ,622.3965 ,0.901254653,595.4675 ,1.64119965,1217.864 ,1.763515053
8537,Estimates,Bangladesh,,50,BGD,BD,50,Country/Area,5501,1972,  12 766,  10 454,  8 813,  7 091,  5 604,  5 061,  4 404,  3 803,  3 236,  2 735,  2 278,  1 855,  1 422,  1 008,   634,   333,   117,   24,   2,   0,   0,,12766.268 ,10454.498 ,8812.562 ,7090.696 ,5603.942 ,5061.246 ,4403.907 ,3803.244 ,3235.523 ,2734.641 ,2278.282 ,1854.961 ,1421.998 ,1008.230 ,634.462 ,332.892 ,117.226 ,24.303 ,2.432 ,0.169 ,0.041 ,32033.3275 ,37488.4375 ,2119.7540 ,34153.0815 ,71641.519 ,754.2440 ,1.073248135,610.5165 ,1.655506828,1364.761 ,1.941979865
8538,Estimates,Bangladesh,,50,BGD,BD,50,Country/Area,5501,1973,  13 206,  10 705,  9 140,  7 379,  5 781,  5 107,  4 479,  3 886,  3 316,  2 797,  2 338,  1 904,  1 470,  1 043,   666,   348,   128,   26,   3,   0,   0,,13206.466 ,10705.431 ,9139.661 ,7378.948 ,5781.061 ,5106.751 ,4478.907 ,3885.597 ,3315.642 ,2796.921 ,2338.128 ,1904.217 ,1469.778 ,1043.297 ,665.962 ,348.406 ,128.189 ,26.378 ,2.533 ,0.012 ,0.014 ,33051.5570 ,38455.9475 ,2214.7895 ,35266.3465 ,73722.294 ,1113.2650 ,1.553938297,967.5100 ,2.58082242,2080.775 ,2.904426133
8539,Estimates,Bangladesh,,50,BGD,BD,50,Country/Area,5501,1974,  13 659,  10 946,  9 452,  7 676,  6 029,  5 113,  4 557,  3 965,  3 395,  2 862,  2 398,  1 955,  1 518,  1 080,   698,   365,   139,   29,   3,   0,   0,,13659.431 ,10945.541 ,9452.396 ,7676.050 ,6028.580 ,5112.955 ,4557.262 ,3965.324 ,3394.690 ,2861.813 ,2398.232 ,1954.766 ,1517.610 ,1080.121 ,698.244 ,365.316 ,139.333 ,28.935 ,2.724 ,0.027 ,0.005 ,34057.3670 ,39467.2785 ,2314.7020 ,36372.0690 ,75839.348 ,1105.7225 ,1.499848201,1011.3310 ,2.629842887,2117.053 ,2.871659827
8540,Estimates,Bangladesh,,50,BGD,BD,50,Country/Area,5501,1975,  14 120,  11 181,  9 680,  7 935,  6 289,  5 148,  4 640,  4 037,  3 463,  2 920,  2 451,  2 003,  1 565,  1 120,   731,   384,   150,   32,   3,   0,   0,,14120.361 ,11181.467 ,9679.752 ,7934.904 ,6288.892 ,5147.934 ,4640.017 ,4037.194 ,3462.644 ,2920.489 ,2450.807 ,2003.426 ,1565.434 ,1119.814 ,731.018 ,384.483 ,150.445 ,32.170 ,3.069 ,0.036 ,0.001 ,34981.5790 ,40451.7380 ,2421.0335 ,37402.6125 ,77854.351 ,1030.5435 ,1.358850694,984.4595 ,2.494368848,2015.003 ,2.656936098
8541,Estimates,Bangladesh,,50,BGD,BD,50,Country/Area,5501,1976,  14 570,  11 440,  9 832,  8 155,  6 551,  5 256,  4 738,  4 111,  3 528,  2 976,  2 497,  2 051,  1 614,  1 163,   765,   406,   162,   36,   4,   0,0,,14570.464 ,11439.984 ,9832.477 ,8155.075 ,6551.483 ,5255.557 ,4738.208 ,4110.603 ,3527.522 ,2975.988 ,2497.257 ,2050.785 ,1614.152 ,1162.911 ,764.633 ,406.413 ,161.716 ,36.321 ,3.711 ,0.061 ,0.000 ,35842.9250 ,41476.6280 ,2535.7650 ,38378.6900 ,79855.318 ,976.0775 ,1.253722488,1024.8900 ,2.533611782,2000.968 ,2.570142179
8542,Estimates,Bangladesh,,50,BGD,BD,50,Country/Area,5501,1977,  14 945,  11 775,  9 989,  8 356,  6 806,  5 401,  4 834,  4 182,  3 594,  3 034,  2 541,  2 098,  1 661,  1 208,   797,   430,   172,   41,   4,   0,0,,14944.774 ,11774.945 ,9988.809 ,8355.710 ,6806.407 ,5400.662 ,4833.698 ,4182.191 ,3594.034 ,3033.513 ,2540.976 ,2097.565 ,1661.152 ,1207.620 ,797.239 ,430.261 ,172.351 ,40.922 ,4.335 ,0.105 ,0.000 ,36708.5275 ,42505.9045 ,2652.8315 ,39361.3590 ,81867.264 ,982.6690 ,1.230561752,1029.2765 ,2.481581916,2011.945 ,2.519488433
8543,Estimates,Bangladesh,,50,BGD,BD,50,Country/Area,5501,1978,  15 255,  12 178,  10 156,  8 531,  7 050,  5 608,  4 900,  4 256,  3 662,  3 092,  2 583,  2 143,  1 706,  1 253,   829,   455,   183,   46,   5,   0,   0,,15255.089 ,12178.459 ,10156.157 ,8530.617 ,7049.517 ,5608.456 ,4899.613 ,4255.690 ,3661.546 ,3091.846 ,2583.030 ,2143.080 ,1706.267 ,1252.829 ,829.077 ,455.002 ,182.534 ,45.717 ,4.977 ,0.157 ,0.001 ,37589.7045 ,43529.6595 ,2770.2910 ,40359.9955 ,83889.655 ,998.6365 ,1.219823965,1023.7550 ,2.408500683,2022.392 ,2.470329914
8544,Estimates,Bangladesh,,50,BGD,BD,50,Country/Area,5501,1979,  15 556,  12 611,  10 336,  8 678,  7 277,  5 882,  4 934,  4 337,  3 728,  3 149,  2 626,  2 186,  1 750,  1 297,   861,   479,   193,   50,   6,   0,   0,,15556.045 ,12610.807 ,10336.117 ,8678.267 ,7276.545 ,5881.531 ,4934.117 ,4336.503 ,3728.374 ,3148.542 ,2625.771 ,2186.278 ,1749.871 ,1296.991 ,861.209 ,479.133 ,192.780 ,50.311 ,5.675 ,0.209 ,0.001 ,38502.9680 ,44545.7965 ,2886.3070 ,41389.2750 ,85935.072 ,1029.2795 ,1.22694449,1016.1370 ,2.334355498,2045.416 ,2.438222567
8545,Estimates,Bangladesh,,50,BGD,BD,50,Country/Area,5501,1980,  15 854,  13 063,  10 539,  8 802,  7 490,  6 162,  4 994,  4 426,  3 795,  3 203,  2 670,  2 227,  1 792,  1 339,   894,   502,   203,   54,   6,   0,   0,,15854.368 ,13062.571 ,10538.949 ,8801.573 ,7489.742 ,6161.826 ,4994.439 ,4426.270 ,3794.883 ,3203.093 ,2670.002 ,2227.356 ,1791.949 ,1339.214 ,893.798 ,501.962 ,203.265 ,54.480 ,6.436 ,0.258 ,0.001 ,39455.8880 ,45561.1315 ,2999.4120 ,42455.3000 ,88016.432 ,1066.0250 ,1.24050051,1015.3350 ,2.279305972,2081.360 ,2.422014625
8546,Estimates,Bangladesh,,50,BGD,BD,50,Country/Area,5501,1981,  16 159,  13 506,  10 836,  8 965,  7 702,  6 422,  5 108,  4 530,  3 871,  3 268,  2 724,  2 270,  1 833,  1 379,   927,   523,   214,   58,   7,   0,   0,,16159.026 ,13505.713 ,10835.827 ,8964.998 ,7701.642 ,6422.491 ,5108.237 ,4529.665 ,3871.362 ,3268.062 ,2723.948 ,2270.450 ,1832.914 ,1379.195 ,926.509 ,523.340 ,214.011 ,58.166 ,7.248 ,0.306 ,0.001 ,40500.5650 ,46693.7660 ,3108.7735 ,43609.3385 ,90303.105 ,1154.0385 ,1.311162564,1132.6345 ,2.485966574,2286.673 ,2.598006941
8547,Estimates,Bangladesh,,50,BGD,BD,50,Country/Area,5501,1982,  16 470,  13 886,  11 247,  9 191,  7 914,  6 677,  5 267,  4 645,  3 967,  3 353,  2 792,  2 317,  1 874,  1 417,   959,   543,   225,   61,   8,   0,   0,,16470.246 ,13886.050 ,11247.454 ,9191.236 ,7914.038 ,6676.743 ,5266.618 ,4645.325 ,3966.519 ,3352.795 ,2792.117 ,2317.354 ,1873.750 ,1416.768 ,959.419 ,543.169 ,225.109 ,61.354 ,8.094 ,0.352 ,0.002 ,41603.7495 ,47996.4930 ,3214.2640 ,44818.0135 ,92814.507 ,1208.6750 ,1.338464504,1302.7270 ,2.78993774,2511.402 ,2.781080467
8548,Estimates,Bangladesh,,50,BGD,BD,50,Country/Area,5501,1983,  16 755,  14 210,  11 687,  9 434,  8 116,  6 922,  5 487,  4 738,  4 074,  3 448,  2 866,  2 366,  1 915,  1 452,   992,   562,   236,   64,   9,   0,   0,,16755.417 ,14209.959 ,11686.623 ,9434.065 ,8116.280 ,6921.980 ,5487.267 ,4737.589 ,4074.105 ,3448.365 ,2866.326 ,2366.299 ,1914.613 ,1452.325 ,992.138 ,562.070 ,236.221 ,64.207 ,8.912 ,0.396 ,0.003 ,42651.9980 ,49366.8870 ,3316.2695 ,45968.2675 ,95335.155 ,1150.2540 ,1.239304117,1370.3940 ,2.855196108,2520.648 ,2.715790985
8549,Estimates,Bangladesh,,50,BGD,BD,50,Country/Area,5501,1984,  16 994,  14 528,  12 118,  9 682,  8 305,  7 154,  5 769,  4 798,  4 190,  3 547,  2 941,  2 418,  1 955,  1 486,  1 024,   581,   247,   67,   10,   0,   0,,16993.681 ,14528.037 ,12117.788 ,9682.311 ,8305.480 ,7154.230 ,5769.113 ,4797.781 ,4190.102 ,3546.991 ,2941.241 ,2418.116 ,1955.029 ,1486.499 ,1023.829 ,581.001 ,246.712 ,66.973 ,9.613 ,0.441 ,0.004 ,43639.5050 ,50760.3910 ,3415.0700 ,47054.5750 ,97814.966 ,1086.3075 ,1.139461624,1393.5040 ,2.822750399,2479.812 ,2.601151184
8550,Estimates,Bangladesh,,50,BGD,BD,50,Country/Area,5501,1985,  17 186,  14 845,  12 537,  9 936,  8 480,  7 377,  6 055,  4 881,  4 315,  3 648,  3 016,  2 473,  1 995,  1 519,  1 054,   600,   256,   70,   10,   0,   0,,17185.968 ,14844.755 ,12537.353 ,9935.740 ,8480.421 ,7377.210 ,6054.962 ,4880.924 ,4314.541 ,3648.049 ,3016.120 ,2472.794 ,1995.235 ,1519.220 ,1053.837 ,600.080 ,256.278 ,69.698 ,10.154 ,0.488 ,0.004 ,44568.0750 ,52175.9930 ,3509.7570 ,48077.8320 ,100253.825 ,1023.2570 ,1.046114968,1415.6020 ,2.788792545,2438.859 ,2.493339312
8551,Estimates,Bangladesh,,50,BGD,BD,50,Country/Area,5501,1986,  17 317,  15 166,  12 921,  10 199,  8 653,  7 595,  6 320,  5 009,  4 444,  3 751,  3 094,  2 530,  2 035,  1 551,  1 082,   619,   265,   72,   11,   1,   0,,17317.159 ,15165.683 ,12920.941 ,10199.429 ,8652.821 ,7595.497 ,6319.992 ,5008.933 ,4443.583 ,3751.356 ,3093.962 ,2530.335 ,2035.492 ,1550.953 ,1082.030 ,619.034 ,264.911 ,72.379 ,10.548 ,0.534 ,0.004 ,45403.7820 ,53631.3985 ,3600.3915 ,49004.1735 ,102635.572 ,926.3415 ,0.923996167,1455.4055 ,2.789416006,2381.747 ,2.375716837
8552,Estimates,Bangladesh,,50,BGD,BD,50,Country/Area,5501,1987,  17 381,  15 491,  13 231,  10 506,  8 838,  7 808,  6 577,  5 171,  4 570,  3 856,  3 177,  2 591,  2 075,  1 582,  1 108,   638,   272,   75,   11,   1,   0,,17380.662 ,15490.925 ,13230.501 ,10505.541 ,8838.382 ,7807.520 ,6576.978 ,5171.194 ,4570.365 ,3856.446 ,3177.316 ,2591.361 ,2075.205 ,1582.355 ,1108.098 ,637.622 ,272.455 ,74.980 ,10.807 ,0.577 ,0.005 ,46102.0880 ,55170.3055 ,3686.8975 ,49788.9855 ,104959.291 ,784.8120 ,0.764658865,1538.9070 ,2.869414267,2323.719 ,2.264048375
8553,Estimates,Bangladesh,,50,BGD,BD,50,Country/Area,5501,1988,  17 394,  15 794,  13 490,  10 843,  9 038,  8 008,  6 823,  5 391,  4 668,  3 965,  3 266,  2 655,  2 115,  1 613,  1 132,   655,   279,   77,   11,   1,   0,,17394.240 ,15794.355 ,13489.780 ,10842.686 ,9037.906 ,8008.050 ,6822.816 ,5390.692 ,4667.650 ,3965.478 ,3265.563 ,2654.531 ,2114.751 ,1612.892 ,1131.748 ,655.118 ,278.929 ,77.253 ,10.958 ,0.611 ,0.005 ,46678.3745 ,56770.1210 ,3767.5120 ,50445.8865 ,107216.008 ,656.9010 ,0.62586265,1599.8155 ,2.899776402,2256.717 ,2.150087409
8554,Estimates,Bangladesh,,50,BGD,BD,50,Country/Area,5501,1989,  17 389,  16 057,  13 755,  11 183,  9 246,  8 194,  7 055,  5 669,  4 732,  4 082,  3 357,  2 718,  2 156,  1 642,  1 153,   671,   285,   79,   11,   1,   0,,17389.412 ,16056.771 ,13754.600 ,11182.544 ,9245.543 ,8194.396 ,7054.968 ,5669.350 ,4732.411 ,4082.107 ,3357.009 ,2717.777 ,2155.699 ,1641.905 ,1153.234 ,670.789 ,284.645 ,78.953 ,11.055 ,0.631 ,0.005 ,47200.7820 ,58391.8010 ,3841.2160 ,51041.9980 ,109433.799 ,596.1115 ,0.555991138,1621.6800 ,2.856573091,2217.791 ,2.068526474
8555,Estimates,Bangladesh,,50,BGD,BD,50,Country/Area,5501,1990,  17 366,  16 280,  14 037,  11 529,  9 464,  8 366,  7 277,  5 951,  4 818,  4 206,  3 452,  2 781,  2 198,  1 670,  1 173,   684,   290,   80,   11,   1,   0,,17366.304 ,16280.034 ,14036.799 ,11528.892 ,9463.706 ,8365.610 ,7277.400 ,5951.479 ,4818.306 ,4206.342 ,3451.554 ,2780.889 ,2198.229 ,1669.747 ,1172.640 ,684.320 ,289.674 ,80.038 ,11.116 ,0.638 ,0.006 ,47683.1360 ,60042.4045 ,3908.1765 ,51591.3125 ,111633.717 ,549.3145 ,0.501960551,1650.6035 ,2.826772718,2199.918 ,2.010272896
8556,Estimates,Bangladesh,,50,BGD,BD,50,Country/Area,5501,1991,  17 277,  16 434,  14 379,  11 892,  9 705,  8 529,  7 492,  6 209,  4 941,  4 330,  3 548,  2 846,  2 241,  1 695,  1 189,   695,   294,   80,   11,   1,   0,,17277.355 ,16434.245 ,14378.876 ,11891.554 ,9704.928 ,8529.020 ,7491.815 ,6209.061 ,4940.546 ,4330.254 ,3548.175 ,2845.978 ,2240.605 ,1694.991 ,1189.019 ,695.041 ,293.534 ,80.393 ,11.088 ,0.629 ,0.007 ,48090.4755 ,61731.9340 ,3964.6995 ,52055.1750 ,113787.109 ,463.8625 ,0.415521862,1689.5295 ,2.813893804,2153.392 ,1.928979934
8557,Estimates,Bangladesh,,50,BGD,BD,50,Country/Area,5501,1992,  17 149,  16 525,  14 784,  12 253,  10 021,  8 707,  7 693,  6 446,  5 078,  4 438,  3 642,  2 914,  2 285,  1 719,  1 205,   704,   297,   80,   11,   1,   0,,17149.091 ,16524.837 ,14783.777 ,12252.982 ,10020.924 ,8706.947 ,7692.901 ,6446.447 ,5077.616 ,4438.160 ,3641.933 ,2914.454 ,2285.268 ,1719.246 ,1204.715 ,703.943 ,296.911 ,80.381 ,11.043 ,0.614 ,0.008 ,48457.7040 ,63477.6285 ,4016.8590 ,52474.5630 ,115952.192 ,419.3880 ,0.368572507,1745.6945 ,2.827862966,2165.082 ,1.902748491
8558,Estimates,Bangladesh,,50,BGD,BD,50,Country/Area,5501,1993,  17 032,  16 584,  15 166,  12 604,  10 401,  8 910,  7 879,  6 666,  5 258,  4 506,  3 734,  2 986,  2 333,  1 745,  1 222,   712,   300,   80,   11,   1,   0,,17031.817 ,16584.144 ,15166.463 ,12604.147 ,10401.484 ,8909.768 ,7879.071 ,6665.586 ,5258.151 ,4506.008 ,3734.013 ,2986.394 ,2333.298 ,1745.435 ,1221.640 ,712.434 ,300.437 ,80.439 ,11.031 ,0.597 ,0.009 ,48782.4235 ,65277.9175 ,4072.0195 ,52854.4430 ,118132.361 ,379.8800 ,0.327617784,1800.2890 ,2.836099966,2180.169 ,1.880230957
8559,Estimates,Bangladesh,,50,BGD,BD,50,Country/Area,5501,1994,  16 930,  16 624,  15 497,  12 983,  10 802,  9 128,  8 055,  6 877,  5 499,  4 542,  3 833,  3 062,  2 382,  1 774,  1 239,   721,   304,   81,   11,   1,   0,,16930.223 ,16624.255 ,15496.558 ,12983.002 ,10802.268 ,9128.433 ,8054.714 ,6876.579 ,5499.110 ,4541.550 ,3833.026 ,3062.454 ,2381.740 ,1773.892 ,1238.660 ,720.731 ,303.808 ,80.596 ,10.992 ,0.584 ,0.009 ,49051.0345 ,67162.8740 ,4129.2705 ,53180.3050 ,120343.179 ,325.8620 ,0.275844822,1884.9565 ,2.887586756,2210.819 ,1.871475767
8560,Estimates,Bangladesh,,50,BGD,BD,50,Country/Area,5501,1995,  16 851,  16 644,  15 773,  13 391,  11 223,  9 366,  8 220,  7 083,  5 748,  4 598,  3 939,  3 143,  2 431,  1 805,  1 257,   730,   307,   81,   11,   1,   0,,16850.878 ,16643.578 ,15772.927 ,13391.153 ,11223.195 ,9365.924 ,8219.667 ,7083.104 ,5747.957 ,4597.976 ,3938.892 ,3142.614 ,2431.028 ,1805.387 ,1256.646 ,729.536 ,307.347 ,81.024 ,10.954 ,0.579 ,0.008 ,49267.3820 ,69141.5075 ,4191.4805 ,53458.8625 ,122600.370 ,278.5575 ,0.231469288,1978.6335 ,2.946022679,2257.191 ,1.875628531
8561,Estimates,Bangladesh,,50,BGD,BD,50,Country/Area,5501,1996,  16 832,  16 620,  15 961,  13 814,  11 643,  9 633,  8 384,  7 285,  5 979,  4 694,  4 045,  3 225,  2 484,  1 841,  1 276,   740,   311,   82,   11,   1,   0,,16832.041 ,16620.267 ,15961.222 ,13814.342 ,11643.418 ,9632.720 ,8384.315 ,7285.488 ,5978.980 ,4693.836 ,4044.905 ,3225.130 ,2484.215 ,1840.510 ,1276.284 ,739.655 ,311.466 ,81.846 ,10.959 ,0.578 ,0.007 ,49413.5295 ,71187.3455 ,4261.3040 ,53674.8335 ,124862.179 ,215.9710 ,0.176158522,2045.8380 ,2.958914368,2261.809 ,1.844863111
8562,Estimates,Bangladesh,,50,BGD,BD,50,Country/Area,5501,1997,  16 944,  16 557,  16 064,  14 235,  12 023,  9 963,  8 566,  7 482,  6 205,  4 820,  4 145,  3 309,  2 544,  1 880,  1 298,   752,   317,   83,   11,   1,   0,,16943.947 ,16556.762 ,16063.701 ,14235.205 ,12023.095 ,9962.711 ,8566.041 ,7481.865 ,6204.845 ,4820.170 ,4144.736 ,3309.486 ,2544.187 ,1880.068 ,1297.807 ,752.022 ,316.580 ,83.214 ,11.041 ,0.585 ,0.006 ,49564.4095 ,73292.3380 ,4341.3220 ,53905.7315 ,127198.070 ,230.8980 ,0.184922289,2104.9925 ,2.956975689,2335.891 ,1.870775057
8563,Estimates,Bangladesh,,50,BGD,BD,50,Country/Area,5501,1998,  17 174,  16 479,  16 113,  14 614,  12 380,  10 345,  8 768,  7 668,  6 423,  5 000,  4 214,  3 398,  2 611,  1 924,  1 322,   767,   323,   85,   11,   1,   0,,17174.319 ,16479.018 ,16113.282 ,14614.380 ,12379.928 ,10345.414 ,8768.388 ,7667.820 ,6423.312 ,5000.116 ,4214.122 ,3397.760 ,2611.315 ,1923.600 ,1322.244 ,767.068 ,323.165 ,85.249 ,11.236 ,0.594 ,0.006 ,49766.6175 ,75422.5525 ,4433.1615 ,54199.7790 ,129622.332 ,294.0475 ,0.231172927,2130.2145 ,2.906462746,2424.262 ,1.905895278
8564,Estimates,Bangladesh,,50,BGD,BD,50,Country/Area,5501,1999,  17 446,  16 413,  16 144,  14 929,  12 759,  10 751,  8 988,  7 842,  6 632,  5 237,  4 252,  3 493,  2 684,  1 970,  1 351,   785,   332,   88,   12,   1,   0,,17446.222 ,16412.637 ,16143.641 ,14929.164 ,12758.778 ,10750.638 ,8988.007 ,7841.983 ,6632.440 ,5237.415 ,4251.692 ,3493.184 ,2684.190 ,1970.228 ,1351.040 ,784.874 ,331.689 ,88.048 ,11.586 ,0.608 ,0.006 ,50002.4990 ,77567.4885 ,4538.0770 ,54540.5760 ,132108.065 ,340.7970 ,0.262915345,2144.9360 ,2.843892084,2485.733 ,1.917673422
8565,Estimates,Bangladesh,,50,BGD,BD,50,Country/Area,5501,2000,  17 740,  16 363,  16 112,  15 151,  13 161,  11 183,  9 223,  7 996,  6 828,  5 474,  4 302,  3 591,  2 762,  2 020,  1 384,   806,   342,   92,   12,   1,   0,,17740.481 ,16363.286 ,16111.775 ,15150.572 ,13161.083 ,11182.808 ,9223.427 ,7996.089 ,6828.214 ,5474.337 ,4301.778 ,3591.321 ,2762.018 ,2020.137 ,1384.467 ,805.730 ,342.350 ,91.688 ,12.113 ,0.630 ,0.006 ,50215.5405 ,79671.6450 ,4657.1190 ,54872.6595 ,134544.305 ,332.0835 ,0.251372618,2104.1565 ,2.712678392,2436.240 ,1.844126632
8566,Estimates,Bangladesh,,50,BGD,BD,50,Country/Area,5501,2001,  18 037,  16 368,  16 103,  15 284,  13 501,  11 537,  9 444,  8 127,  7 008,  5 691,  4 391,  3 691,  2 840,  2 073,  1 420,   828,   354,   95,   12,   0,   0,,18037.237 ,16367.925 ,16102.843 ,15284.472 ,13501.008 ,11537.286 ,9444.187 ,8127.081 ,7008.253 ,5690.509 ,4390.575 ,3690.752 ,2840.496 ,2072.564 ,1420.405 ,828.145 ,354.183 ,95.364 ,12.141 ,0.386 ,0.004 ,50508.0045 ,81514.6155 ,4783.1905 ,55291.1950 ,136805.811 ,418.5355 ,0.311076341,1842.9705 ,2.313207541,2261.506 ,1.680863421
8567,Estimates,Bangladesh,,50,BGD,BD,50,Country/Area,5501,2002,  18 248,  16 494,  16 153,  15 376,  13 760,  11 756,  9 677,  8 254,  7 174,  5 902,  4 514,  3 789,  2 919,  2 129,  1 458,   851,   367,   99,   12,   0,   0,,18247.998 ,16493.975 ,16152.864 ,15376.178 ,13760.254 ,11755.942 ,9677.035 ,8253.784 ,7173.821 ,5902.199 ,4514.410 ,3788.953 ,2918.971 ,2128.918 ,1458.483 ,851.499 ,367.240 ,99.148 ,11.832 ,0.156 ,0.002 ,50894.8365 ,83121.5440 ,4917.2775 ,55812.1140 ,138933.658 ,520.9190 ,0.38077257,1606.9285 ,1.971337888,2127.848 ,1.555378015
8568,Estimates,Bangladesh,,50,BGD,BD,50,Country/Area,5501,2003,  18 344,  16 732,  16 168,  15 449,  13 986,  11 927,  9 938,  8 388,  7 321,  6 102,  4 687,  3 859,  3 002,  2 191,  1 499,   877,   382,   104,   12,   0,   0,,18343.616 ,16732.373 ,16168.188 ,15449.050 ,13986.299 ,11927.443 ,9938.123 ,8387.692 ,7321.420 ,6101.881 ,4687.154 ,3859.013 ,3002.326 ,2191.188 ,1499.274 ,877.011 ,382.277 ,103.893 ,12.000 ,0.135 ,0.001 ,51244.1765 ,84660.3990 ,5065.7760 ,56309.9525 ,140970.352 ,497.8385 ,0.358328217,1538.8550 ,1.851331106,2036.693 ,1.46594679
8569,Estimates,Bangladesh,,50,BGD,BD,50,Country/Area,5501,2004,  18 349,  17 009,  16 169,  15 530,  14 163,  12 101,  10 197,  8 524,  7 448,  6 287,  4 911,  3 898,  3 093,  2 257,  1 541,   905,   399,   110,   13,   0,0,,18348.845 ,17008.613 ,16169.214 ,15530.253 ,14163.382 ,12100.996 ,10196.696 ,8523.719 ,7448.483 ,6286.560 ,4911.106 ,3898.195 ,3092.515 ,2257.267 ,1541.272 ,904.831 ,398.777 ,109.508 ,12.504 ,0.125 ,0.000 ,51526.6710 ,86151.9030 ,5224.2815 ,56750.9525 ,142902.856 ,441.0000 ,0.312831738,1491.5040 ,1.761749316,1932.504 ,1.370858467
8570,Estimates,Bangladesh,,50,BGD,BD,50,Country/Area,5501,2005,  18 255,  17 303,  16 162,  15 615,  14 298,  12 282,  10 451,  8 664,  7 555,  6 459,  5 137,  3 954,  3 189,  2 326,  1 584,   935,   417,   116,   13,   0,0,,18255.229 ,17303.125 ,16161.789 ,15614.958 ,14298.435 ,12282.084 ,10451.209 ,8663.931 ,7554.544 ,6459.143 ,5137.462 ,3954.147 ,3189.183 ,2325.888 ,1584.140 ,934.641 ,416.556 ,115.912 ,13.272 ,0.143 ,0.000 ,51720.1425 ,87605.0935 ,5390.5500 ,57110.6925 ,144715.786 ,359.7400 ,0.251737447,1453.1905 ,1.686777018,1812.931 ,1.268645398
8571,Estimates,Bangladesh,,50,BGD,BD,50,Country/Area,5501,2006,  18 066,  17 605,  16 181,  15 681,  14 383,  12 474,  10 680,  8 816,  7 652,  6 623,  5 345,  4 046,  3 288,  2 397,  1 630,   966,   436,   123,   14,   0,   0,,18066.201 ,17604.949 ,16181.214 ,15681.488 ,14382.993 ,12474.298 ,10680.140 ,8815.695 ,7651.646 ,6622.787 ,5344.798 ,4045.635 ,3288.109 ,2396.973 ,1629.602 ,966.291 ,435.546 ,123.155 ,14.303 ,0.156 ,0.001 ,51852.3625 ,88987.5870 ,5566.0240 ,57418.3865 ,146405.974 ,307.6940 ,0.212619513,1382.4935 ,1.578097169,1690.187 ,1.167935819
8572,Estimates,Bangladesh,,50,BGD,BD,50,Country/Area,5501,2007,  17 818,  17 827,  16 306,  15 713,  14 423,  12 670,  10 847,  9 011,  7 756,  6 775,  5 544,  4 163,  3 382,  2 471,  1 679,  1 000,   456,   131,   16,   0,   0,,17817.542 ,17827.415 ,16305.753 ,15712.890 ,14423.392 ,12670.405 ,10847.138 ,9011.028 ,7755.934 ,6775.166 ,5544.068 ,4163.295 ,3382.341 ,2470.678 ,1679.432 ,999.925 ,455.681 ,131.396 ,15.626 ,0.177 ,0.002 ,51950.7090 ,90285.6545 ,5752.9145 ,57703.6235 ,147989.278 ,285.2370 ,0.194826067,1298.0675 ,1.458706258,1583.305 ,1.081448019
8573,Estimates,Bangladesh,,50,BGD,BD,50,Country/Area,5501,2008,  17 529,  17 935,  16 542,  15 713,  14 453,  12 842,  10 974,  9 239,  7 870,  6 912,  5 733,  4 327,  3 450,  2 549,  1 734,  1 035,   477,   141,   17,   0,   0,,17529.333 ,17935.419 ,16542.244 ,15713.043 ,14452.952 ,12842.286 ,10974.495 ,9239.328 ,7870.287 ,6911.710 ,5732.736 ,4326.806 ,3449.896 ,2548.572 ,1733.953 ,1035.419 ,477.433 ,140.832 ,17.320 ,0.204 ,0.001 ,52006.9950 ,91513.5360 ,5953.7325 ,57960.7275 ,149474.264 ,257.1040 ,0.173731505,1227.8815 ,1.359996233,1484.986 ,1.003441276
8574,Estimates,Bangladesh,,50,BGD,BD,50,Country/Area,5501,2009,  17 202,  17 954,  16 817,  15 704,  14 502,  12 978,  11 114,  9 472,  7 991,  7 031,  5 909,  4 539,  3 489,  2 633,  1 792,  1 073,   502,   152,   20,   0,   0,,17201.621 ,17954.132 ,16817.357 ,15704.076 ,14502.391 ,12978.361 ,11114.141 ,9472.416 ,7991.158 ,7030.807 ,5908.554 ,4538.658 ,3488.853 ,2633.005 ,1792.409 ,1072.711 ,501.597 ,151.704 ,19.516 ,0.250 ,0.002 ,51973.1085 ,92729.4120 ,6171.1935 ,58144.3020 ,150873.714 ,183.5745 ,0.12281345,1215.8760 ,1.328629679,1399.451 ,0.936248467
8575,Estimates,Bangladesh,,50,BGD,BD,50,Country/Area,5501,2010,  16 839,  17 875,  17 112,  15 694,  14 571,  13 090,  11 275,  9 711,  8 122,  7 133,  6 075,  4 754,  3 544,  2 724,  1 855,  1 112,   529,   164,   22,   0,   0,,16838.501 ,17875.118 ,17111.787 ,15693.528 ,14571.167 ,13090.376 ,11275.395 ,9711.434 ,8122.325 ,7133.016 ,6075.000 ,4753.677 ,3544.090 ,2724.173 ,1854.524 ,1112.329 ,528.527 ,164.320 ,22.355 ,0.339 ,0.003 ,51825.4060 ,93970.0065 ,6406.5690 ,58231.9750 ,152201.982 ,87.6730 ,0.058110189,1240.5945 ,1.337865164,1328.267 ,0.880383643
8576,Estimates,Bangladesh,,50,BGD,BD,50,Country/Area,5501,2011,  16 459,  17 704,  17 417,  15 727,  14 658,  13 191,  11 478,  9 946,  8 278,  7 235,  6 238,  4 954,  3 635,  2 822,  1 924,  1 158,   560,   180,   27,   1,   0,,16458.613 ,17703.735 ,17416.902 ,15727.415 ,14658.484 ,13190.791 ,11477.712 ,9946.010 ,8278.324 ,7234.826 ,6238.172 ,4953.936 ,3634.510 ,2822.255 ,1923.793 ,1158.063 ,559.938 ,180.088 ,26.894 ,0.615 ,0.003 ,51579.2495 ,95340.1775 ,6671.6485 ,58250.8980 ,153591.076 ,18.9230 ,0.012432821,1370.1710 ,1.458093972,1389.094 ,0.912664859
8577,Estimates,Bangladesh,,50,BGD,BD,50,Country/Area,5501,2012,  16 092,  17 477,  17 646,  15 878,  14 742,  13 283,  11 712,  10 139,  8 491,  7 352,  6 396,  5 150,  3 751,  2 921,  2 001,  1 211,   596,   199,   33,   1,   0,,16091.563 ,17476.647 ,17646.021 ,15878.460 ,14742.002 ,13282.936 ,11712.476 ,10139.492 ,8490.510 ,7351.876 ,6395.718 ,5149.869 ,3751.352 ,2920.685 ,2000.650 ,1211.210 ,595.668 ,198.784 ,33.059 ,1.125 ,0.004 ,51214.2295 ,96894.6885 ,6961.1835 ,58175.4130 ,155070.102 ,-75.4850 ,-0.049146736,1554.5110 ,1.630488888,1479.026 ,0.962963502
8578,Estimates,Bangladesh,,50,BGD,BD,50,Country/Area,5501,2013,  15 782,  17 211,  17 761,  16 134,  14 793,  13 371,  11 931,  10 300,  8 739,  7 481,  6 539,  5 337,  3 911,  2 996,  2 083,  1 269,   634,   219,   40,   2,   0,,15781.819 ,17211.136 ,17760.558 ,16134.311 ,14793.407 ,13370.891 ,11930.748 ,10299.844 ,8739.216 ,7480.901 ,6539.255 ,5336.803 ,3910.758 ,2995.661 ,2083.204 ,1269.389 ,633.554 ,219.038 ,39.770 ,1.876 ,0.005 ,50753.5115 ,98536.1325 ,7242.4965 ,57996.0080 ,156532.141 ,-179.4050 ,-0.115692837,1641.4440 ,1.694049514,1462.039 ,0.942824559
8579,Estimates,Bangladesh,,50,BGD,BD,50,Country/Area,5501,2014,  15 552,  16 906,  17 785,  16 420,  14 825,  13 475,  12 113,  10 473,  8 993,  7 616,  6 666,  5 512,  4 115,  3 045,  2 173,  1 331,   673,   241,   47,   3,   0,,15551.732 ,16905.665 ,17785.415 ,16419.531 ,14825.498 ,13475.072 ,12113.191 ,10473.079 ,8993.139 ,7616.085 ,6665.819 ,5512.167 ,4114.830 ,3045.448 ,2172.938 ,1331.361 ,673.052 ,240.927 ,47.117 ,2.859 ,0.008 ,50242.8105 ,100208.4095 ,7513.7085 ,57756.5190 ,157964.929 ,-239.4890 ,-0.152996694,1672.2770 ,1.697120597,1432.788 ,0.915331507
8580,Estimates,Bangladesh,,50,BGD,BD,50,Country/Area,5501,2015,  15 422,  16 564,  17 713,  16 717,  14 843,  13 589,  12 266,  10 665,  9 251,  7 760,  6 775,  5 679,  4 323,  3 110,  2 270,  1 396,   714,   264,   55,   4,   0,,15421.928 ,16564.283 ,17713.196 ,16717.189 ,14843.110 ,13589.394 ,12266.483 ,10664.931 ,9251.273 ,7759.762 ,6775.279 ,5679.262 ,4323.172 ,3110.364 ,2269.637 ,1396.400 ,714.003 ,264.271 ,55.181 ,4.046 ,0.021 ,49699.4060 ,101869.8510 ,7813.9220 ,57513.3280 ,159383.179 ,-243.1910 ,-0.153952528,1661.4415 ,1.657986099,1418.251 ,0.897826191
8581,Estimates,Bangladesh,,50,BGD,BD,50,Country/Area,5501,2016,  15 406,  16 201,  17 548,  17 019,  14 881,  13 691,  12 381,  10 879,  9 493,  7 919,  6 879,  5 841,  4 518,  3 207,  2 370,  1 465,   757,   289,   64,   5,   0,,15405.506 ,16200.709 ,17547.642 ,17019.109 ,14881.043 ,13690.695 ,12381.338 ,10878.531 ,9492.615 ,7919.265 ,6879.272 ,5841.184 ,4518.264 ,3206.760 ,2369.608 ,1464.779 ,757.252 ,288.900 ,63.982 ,5.433 ,0.053 ,49153.8555 ,103501.3125 ,8156.7645 ,57310.6200 ,160811.933 ,-202.7080 ,-0.127182806,1631.4615 ,1.601515546,1428.753 ,0.89642678
8582,Estimates,Bangladesh,,50,BGD,BD,50,Country/Area,5501,2017,  15 490,  15 947,  17 343,  17 153,  15 095,  13 732,  12 567,  11 092,  9 607,  8 075,  6 942,  5 937,  4 678,  3 326,  2 467,  1 537,   804,   315,   73,   7,   0,,15490.274 ,15946.582 ,17342.755 ,17152.929 ,15095.480 ,13732.141 ,12567.038 ,11091.552 ,9606.697 ,8075.150 ,6941.660 ,5936.721 ,4677.981 ,3325.996 ,2467.075 ,1536.973 ,803.762 ,314.732 ,73.498 ,7.048 ,0.108 ,48779.6095 ,104877.3475 ,8529.1895 ,57308.7990 ,162186.147 ,-1.8210 ,-0.001132379,1376.0350 ,1.329485556,1374.214 ,0.854547283
8583,Estimates,Bangladesh,,50,BGD,BD,50,Country/Area,5501,2018,  15 621,  15 849,  17 169,  17 098,  15 443,  13 750,  12 798,  11 341,  9 617,  8 202,  6 968,  5 957,  4 784,  3 478,  2 545,  1 614,   854,   342,   84,   9,   0,,15621.227 ,15848.939 ,17169.026 ,17098.253 ,15442.894 ,13750.287 ,12797.981 ,11341.342 ,9617.451 ,8201.893 ,6967.916 ,5956.728 ,4783.843 ,3478.463 ,2544.810 ,1613.934 ,853.594 ,341.657 ,83.764 ,8.914 ,0.193 ,48639.1920 ,105958.5850 ,8925.3265 ,57564.5185 ,163523.104 ,255.7195 ,0.157670372,1081.2375 ,1.030954277,1336.957 ,0.824334895
8584,Estimates,Bangladesh,,50,BGD,BD,50,Country/Area,5501,2019,  15 758,  15 807,  17 045,  17 025,  15 697,  13 867,  12 898,  11 698,  9 658,  8 301,  7 009,  5 960,  4 853,  3 658,  2 601,  1 697,   906,   370,   95,   11,   0,,15758.021 ,15807.205 ,17044.814 ,17024.611 ,15696.530 ,13866.519 ,12897.781 ,11697.606 ,9658.369 ,8301.022 ,7009.350 ,5959.811 ,4853.121 ,3658.059 ,2601.060 ,1696.943 ,906.242 ,369.730 ,94.899 ,11.057 ,0.311 ,48610.0390 ,106964.7180 ,9338.2980 ,57948.3370 ,164913.055 ,383.8185 ,0.234718209,1006.1330 ,0.949553073,1389.951 ,0.850003131
8585,Estimates,Bangladesh,,50,BGD,BD,50,Country/Area,5501,2020,  15 914,  15 794,  16 949,  17 001,  15 798,  14 129,  12 831,  12 144,  9 754,  8 370,  7 066,  5 957,  4 888,  3 807,  2 657,  1 772,   952,   395,   106,   14,   0,,15913.687 ,15793.623 ,16948.923 ,17001.041 ,15798.488 ,14129.280 ,12831.152 ,12143.577 ,9754.238 ,8369.521 ,7065.664 ,5956.624 ,4888.494 ,3807.313 ,2656.827 ,1772.386 ,951.911 ,394.912 ,106.267 ,13.620 ,0.481 ,48656.2320 ,107938.0765 ,9703.7155 ,58359.9475 ,166298.024 ,411.6105 ,0.249592429,973.3585 ,0.909980897,1384.969 ,0.839817685
8586,Estimates,Bangladesh,,50,BGD,BD,50,Country/Area,5501,2021,  16 088,  15 785,  16 873,  17 057,  15 769,  14 508,  12 652,  12 589,  9 944,  8 398,  7 132,  5 958,  4 891,  3 905,  2 727,  1 838,   992,   418,   118,   17,   1,,16087.523 ,15785.484 ,16872.969 ,17056.941 ,15768.555 ,14508.224 ,12651.850 ,12588.921 ,9943.502 ,8398.087 ,7132.285 ,5958.150 ,4890.740 ,3905.442 ,2727.189 ,1838.257 ,991.582 ,417.923 ,117.843 ,16.671 ,0.724 ,48745.9750 ,108897.2525 ,10015.6270 ,58761.6020 ,167658.855 ,401.6545 ,0.241526923,959.1760 ,0.888635439,1360.830 ,0.81830828
8587,Estimates,Bangladesh,,50,BGD,BD,50,Country/Area,5501,2022,  16 291,  15 732,  16 709,  17 136,  15 768,  14 851,  12 592,  12 835,  10 321,  8 499,  7 261,  6 043,  4 953,  3 998,  2 831,  1 917,  1 046,   449,   131,   20,   1,,16290.934 ,15731.966 ,16709.289 ,17136.307 ,15767.603 ,14851.325 ,12592.453 ,12834.804 ,10321.258 ,8499.486 ,7261.302 ,6043.424 ,4952.720 ,3998.048 ,2830.641 ,1917.250 ,1045.673 ,448.540 ,131.179 ,19.747 ,0.955 ,48732.1875 ,110260.6795 ,10392.0305 ,59124.2180 ,169384.898 ,362.6160 ,0.216282046,1363.4270 ,1.25203067,1726.043 ,1.029497073
8588,Estimates,Bangladesh,,50,BGD,BD,50,Country/Area,5501,2023,  16 505,  15 676,  16 448,  17 146,  15 895,  15 043,  12 785,  12 811,  10 862,  8 704,  7 450,  6 211,  5 093,  4 100,  2 973,  1 994,  1 114,   486,   146,   23,   1,,16505.069 ,15676.156 ,16448.326 ,17145.642 ,15895.431 ,15043.487 ,12785.315 ,12810.518 ,10861.706 ,8704.019 ,7449.970 ,6211.165 ,5092.536 ,4100.068 ,2973.041 ,1994.097 ,1114.019 ,486.462 ,146.056 ,22.759 ,1.155 ,48629.5510 ,111999.7855 ,10837.6535 ,59467.2045 ,171466.990 ,342.9865 ,0.202489422,1739.1060 ,1.577267624,2082.093 ,1.229207876
